student_id,age,gender,category,disability,education,marks,attendance,income,eligible
STU00001,20,Female,SC,No,PG,85.21,78.05,712881,No
STU00002,26,Female,General,No,UG,,78.97,557514,Yes
STU00003,18,Male,SC,No,PG,77.92,74.99,202935,Yes
STU00004,20,Male,OBC,No,UG,63.46,81.68,435820,No
STU00005,21,Female,ST,No,PG,79.13,82.72,1052733,No
STU00006,21,Female,SC,No,Technical,68.15,71.23,53167,Yes
STU00007,29,Male,General,No,UG,65.38,67.99,245953,Yes
STU00008,28,Female,Minority,No,UG,85.14,68.99,326617,Yes
STU00009,29,Male,ST,No,PG,87.51,60.0,753084,No
STU00010,30,Male,General,No,PG,49.43,85.02,195513,No
STU00011,18,Female,EWS,No,PG,84.4,,232153,Yes
STU00012,18,Male,General,No,PG,73.79,,179879,Yes
STU00013,29,Female,OBC,No,Professional,78.22,75.55,407492,Yes
STU00014,18,Female,EWS,No,Technical,59.93,88.41,612170,No
STU00015,19,Male,OBC,No,PG,58.96,79.03,218331,No
STU00016,19,Female,EWS,No,PG,65.9,80.62,238944,Yes
STU00017,29,Female,EWS,No,UG,78.17,85.17,377279,Yes
STU00018,22,Male,General,No,UG,69.55,100.0,140626,Yes
STU00019,20,Male,Minority,No,Technical,67.15,62.69,139057,Yes
STU00020,19,Male,EWS,No,UG,82.57,73.39,129325,Yes
STU00021,23,Other,General,No,PG,61.87,82.63,871113,No
STU00022,25,Male,General,No,Technical,48.35,75.1,288576,No
STU00023,28,Male,General,No,UG,77.01,85.91,411593,No
STU00024,25,Female,Minority,No,Professional,57.11,74.21,586590,No
STU00025,30,Female,ST,No,Professional,73.52,75.52,229776,Yes
STU00026,18,Female,General,No,Technical,84.52,91.43,306337,No
STU00027,23,Female,OBC,No,UG,60.97,87.18,245787,No
STU00028,24,Male,OBC,No,UG,64.33,75.43,100535,Yes
STU00029,26,Male,SC,No,UG,54.64,85.05,321385,No
STU00030,17,Male,SC,No,Technical,70.28,82.61,197504,Yes
STU00031,19,Male,Minority,No,Technical,61.79,88.91,232605,No
STU00032,23,Female,OBC,No,Technical,48.95,75.88,658166,No
STU00033,17,Female,General,No,Professional,67.92,73.91,184037,Yes
STU00034,30,Female,SC,No,UG,82.77,87.96,1285518,No
STU00035,25,Female,General,No,PG,55.58,78.42,494425,Yes
STU00036,28,Female,EWS,No,Professional,73.61,74.02,476884,No
STU00037,24,Female,OBC,No,UG,62.55,69.54,596599,No
STU00038,25,Male,General,No,PG,48.52,84.97,97667,No
STU00039,21,Female,General,No,PG,87.49,76.29,202533,Yes
STU00040,21,Male,Minority,No,Professional,76.31,81.42,249898,Yes
STU00041,18,Female,General,No,Professional,72.37,86.1,168334,Yes
STU00042,19,Female,General,No,UG,61.61,96.66,133906,No
STU00043,27,Male,ST,No,Professional,48.51,81.74,195371,No
STU00044,23,Female,OBC,No,PG,81.55,86.78,494651,No
STU00045,28,Female,ST,No,PG,62.25,85.98,445492,No
STU00046,20,Male,ST,No,Professional,92.71,71.08,306674,Yes
STU00047,27,Male,EWS,No,UG,62.06,84.06,311009,No
STU00048,29,Male,ST,No,PG,66.49,84.07,460161,No
STU00049,28,Male,SC,No,PG,68.98,87.16,157552,Yes
STU00050,19,Male,OBC,No,PG,67.72,82.35,295439,Yes
STU00051,22,Female,General,No,UG,75.87,87.79,319425,Yes
STU00052,20,Female,General,Yes,UG,69.9,84.01,721369,No
STU00053,28,Female,General,No,PG,,94.6,375992,No
STU00054,28,Female,Minority,No,UG,63.8,97.6,554752,No
STU00055,23,Male,OBC,No,Professional,88.98,89.27,956431,No
STU00056,20,Male,OBC,No,PG,71.89,78.56,186824,No
STU00057,17,Male,SC,No,PG,66.99,77.32,349224,Yes
STU00058,20,Male,SC,No,PG,72.07,99.11,809725,Yes
STU00059,19,Male,General,No,Professional,59.41,78.99,73441,No
STU00060,17,Male,ST,No,PG,65.94,73.32,188852,Yes
STU00061,27,Male,General,No,UG,73.87,82.42,1135397,No
STU00062,23,Female,General,No,Professional,74.22,80.67,1116551,No
STU00063,30,Male,General,No,PG,92.32,80.6,253165,No
STU00064,20,Female,General,No,Technical,70.48,84.02,569095,No
STU00065,22,Female,General,No,UG,75.44,87.29,208837,Yes
STU00066,29,Female,OBC,No,PG,59.51,80.76,114412,No
STU00067,25,Male,EWS,No,Technical,86.08,100.0,266397,Yes
STU00068,21,Female,SC,No,UG,68.12,85.58,290283,Yes
STU00069,22,Other,General,No,UG,95.0,86.76,456411,No
STU00070,27,Female,EWS,No,Professional,50.14,93.26,261894,No
STU00071,22,Male,OBC,No,UG,88.24,99.75,684649,No
STU00072,23,Female,OBC,Yes,UG,68.7,93.16,146330,Yes
STU00073,23,Female,General,No,PG,68.62,75.97,170664,Yes
STU00074,23,Female,OBC,No,Professional,57.65,77.34,320311,No
STU00075,23,Female,General,No,UG,78.66,80.92,216734,Yes
STU00076,30,Female,OBC,No,UG,,66.22,204628,Yes
STU00077,20,Male,General,No,Technical,55.5,83.45,1072591,No
STU00078,29,Female,Minority,No,UG,74.1,80.13,147973,Yes
STU00079,19,Female,OBC,No,UG,62.69,60.01,435624,No
STU00080,18,Female,General,No,UG,74.77,94.26,234881,Yes
STU00081,21,Female,OBC,No,PG,74.7,83.8,156664,No
STU00082,20,Male,General,Yes,UG,56.39,80.5,147349,Yes
STU00083,25,Female,OBC,No,UG,49.1,74.19,379823,No
STU00084,19,Male,OBC,No,UG,69.04,65.13,240942,Yes
STU00085,19,Male,ST,Yes,Professional,80.55,77.2,650549,No
STU00086,29,Male,General,No,PG,56.82,99.23,311709,No
STU00087,28,Male,General,No,UG,70.7,78.88,57522,Yes
STU00088,24,Other,SC,No,PG,78.61,74.88,726137,No
STU00089,29,Female,General,No,UG,63.44,82.41,570469,No
STU00090,22,Male,General,No,Technical,56.8,77.42,1500000,No
STU00091,17,Male,OBC,No,UG,66.49,77.73,216349,Yes
STU00092,28,Female,General,No,UG,80.53,99.07,241363,Yes
STU00093,18,Male,General,No,Technical,70.92,69.91,74184,Yes
STU00094,21,Male,Minority,No,UG,86.56,64.55,162993,Yes
STU00095,23,Female,OBC,No,PG,56.1,94.63,345517,No
STU00096,26,Male,OBC,No,UG,99.7,98.18,279738,Yes
STU00097,18,Male,Minority,No,Technical,74.99,89.08,213751,Yes
STU00098,20,Female,Minority,No,UG,62.6,65.36,597488,No
STU00099,18,Male,EWS,No,Technical,87.93,86.76,232427,Yes
STU00100,17,Male,EWS,No,UG,65.68,85.33,233944,Yes
STU00101,19,Male,EWS,No,Technical,62.82,66.95,299029,No
STU00102,26,Male,SC,No,UG,65.35,76.86,196875,Yes
STU00103,24,Female,General,No,Technical,40.3,64.15,215931,No
STU00104,21,Male,OBC,No,Technical,79.79,91.65,191120,Yes
STU00105,26,Male,General,No,UG,68.94,89.22,157088,Yes
STU00106,21,Male,General,No,UG,65.59,96.61,507526,No
STU00107,30,Female,OBC,No,Technical,58.13,86.37,466657,Yes
STU00108,20,Female,EWS,No,Technical,88.89,84.8,120221,Yes
STU00109,26,Male,ST,No,Professional,70.27,84.23,279583,Yes
STU00110,20,Male,General,No,PG,66.06,86.99,189154,Yes
STU00111,24,Female,EWS,No,UG,80.59,68.61,875710,No
STU00112,24,Female,EWS,No,UG,64.29,68.69,248585,No
STU00113,29,Male,OBC,No,PG,64.43,59.33,347478,No
STU00114,21,Female,General,No,Technical,81.58,78.01,483279,No
STU00115,18,Male,OBC,No,Technical,79.57,83.3,656457,No
STU00116,22,Female,General,No,Professional,78.27,81.68,213906,Yes
STU00117,25,Male,SC,No,UG,78.32,94.34,277820,Yes
STU00118,19,Male,OBC,No,Technical,71.08,87.97,156805,Yes
STU00119,30,Other,SC,No,UG,59.84,84.13,315796,No
STU00120,24,Female,OBC,Yes,UG,70.18,79.79,422997,No
STU00121,23,Male,OBC,No,UG,92.27,93.08,877304,No
STU00122,25,Female,General,No,Technical,67.7,77.66,323743,No
STU00123,24,Female,General,Yes,PG,83.56,78.43,235478,Yes
STU00124,22,Female,ST,No,UG,63.02,91.72,93154,No
STU00125,24,Female,General,No,UG,74.98,98.99,260280,Yes
STU00126,22,Female,General,No,UG,62.87,100.0,696698,No
STU00127,30,Male,Minority,No,UG,74.02,81.62,102653,Yes
STU00128,30,Female,ST,No,UG,65.2,80.56,197903,Yes
STU00129,24,Male,General,No,UG,50.6,100.0,483194,No
STU00130,17,Female,EWS,No,Professional,,81.06,102083,Yes
STU00131,21,Male,OBC,No,UG,82.65,89.66,467240,No
STU00132,21,Female,OBC,No,Technical,63.6,91.91,560629,No
STU00133,26,Male,SC,No,UG,65.01,96.05,695855,No
STU00134,24,Male,OBC,No,Technical,66.11,83.13,382170,Yes
STU00135,18,Female,OBC,No,UG,65.92,85.91,410995,Yes
STU00136,25,Female,SC,No,Professional,81.2,100.0,1500000,No
STU00137,17,Male,General,No,Technical,73.3,90.69,639953,No
STU00138,17,Female,OBC,No,UG,68.42,67.85,307382,Yes
STU00139,17,Female,OBC,No,UG,57.76,74.49,378854,No
STU00140,20,Male,Minority,No,UG,88.63,90.22,131860,Yes
STU00141,30,Female,ST,No,UG,69.72,87.53,1500000,No
STU00142,17,Male,SC,No,UG,67.54,76.1,174226,Yes
STU00143,25,Male,SC,No,Professional,56.51,80.32,319637,No
STU00144,17,Male,SC,No,PG,78.48,78.11,787830,No
STU00145,17,Male,SC,Yes,PG,74.19,92.99,305879,Yes
STU00146,21,Male,OBC,No,PG,71.57,80.46,874175,No
STU00147,19,Female,SC,No,PG,52.41,78.03,156345,No
STU00148,22,Female,SC,No,UG,52.76,77.51,1088748,No
STU00149,17,Female,Minority,No,Technical,67.74,44.15,361847,No
STU00150,29,Female,SC,No,UG,98.53,85.44,494994,No
STU00151,23,Male,General,No,Technical,70.25,92.45,208455,Yes
STU00152,17,Male,EWS,No,Professional,80.98,88.29,1017881,Yes
STU00153,17,Male,OBC,No,PG,94.67,,1159736,No
STU00154,27,Male,OBC,No,UG,88.87,81.85,63234,Yes
STU00155,22,Female,Minority,No,Technical,,73.72,461768,No
STU00156,23,Female,OBC,No,Technical,50.22,86.79,608444,No
STU00157,26,Female,General,No,Technical,75.11,69.19,353101,No
STU00158,25,Female,OBC,No,Technical,80.3,93.91,169344,Yes
STU00159,26,Male,ST,No,UG,77.1,86.4,395136,Yes
STU00160,19,Male,General,No,UG,66.32,83.24,433488,No
STU00161,27,Female,OBC,No,PG,56.29,77.94,110377,No
STU00162,28,Male,OBC,No,Technical,79.09,,341781,Yes
STU00163,24,Male,OBC,Yes,UG,85.68,60.4,296120,Yes
STU00164,22,Female,SC,Yes,UG,72.04,94.62,178848,Yes
STU00165,21,Male,Minority,No,PG,69.6,64.92,206117,Yes
STU00166,22,Male,General,No,UG,76.17,89.13,321070,No
STU00167,27,Male,General,No,Professional,55.34,87.14,929883,No
STU00168,24,Male,EWS,No,PG,64.05,94.21,201996,No
STU00169,19,Male,OBC,No,UG,70.96,77.54,56382,Yes
STU00170,20,Male,SC,No,UG,55.2,88.3,277497,No
STU00171,19,Female,OBC,No,Technical,80.39,66.63,226797,Yes
STU00172,23,Male,OBC,No,Technical,72.43,71.45,611225,No
STU00173,21,Male,OBC,No,PG,79.95,91.9,185123,Yes
STU00174,18,Male,OBC,No,UG,54.08,81.49,451592,No
STU00175,26,Female,Minority,No,Technical,75.45,67.25,650499,No
STU00176,26,Female,EWS,No,PG,60.78,90.6,223434,No
STU00177,21,Female,OBC,No,PG,75.7,68.75,186295,Yes
STU00178,18,Male,General,No,Technical,59.94,100.0,622881,No
STU00179,22,Female,SC,No,Technical,75.22,72.82,161539,Yes
STU00180,20,Male,SC,No,UG,100.0,91.46,308598,Yes
STU00181,22,Male,OBC,No,Technical,62.46,79.62,120232,No
STU00182,20,Female,SC,No,Professional,76.08,64.55,73372,Yes
STU00183,17,Female,General,No,UG,77.08,81.87,635899,No
STU00184,18,Female,ST,No,Professional,85.33,77.81,160987,Yes
STU00185,28,Male,OBC,No,PG,80.95,79.69,123348,Yes
STU00186,24,Male,General,No,UG,81.84,99.64,709095,No
STU00187,24,Female,SC,No,UG,56.19,86.03,181985,No
STU00188,19,Female,OBC,No,UG,66.54,90.58,366028,Yes
STU00189,26,Female,SC,No,PG,55.87,73.57,1384494,No
STU00190,27,Male,ST,No,PG,59.42,85.67,271102,No
STU00191,30,Female,Minority,No,UG,88.44,81.13,470886,No
STU00192,20,Other,OBC,No,UG,69.56,92.59,78523,Yes
STU00193,17,Male,General,No,UG,58.3,95.86,152942,No
STU00194,30,Female,OBC,No,PG,68.52,,298784,Yes
STU00195,29,Female,OBC,No,UG,84.28,62.18,96866,Yes
STU00196,24,Female,SC,No,PG,61.9,72.44,206964,No
STU00197,30,Male,SC,No,PG,68.13,58.95,257247,No
STU00198,18,Male,General,No,UG,61.21,74.38,287429,No
STU00199,24,Male,Minority,Yes,PG,60.69,71.75,449323,No
STU00200,25,Female,General,No,Technical,77.56,82.93,90143,Yes
STU00201,20,Female,OBC,No,Professional,88.08,83.68,380066,Yes
STU00202,19,Male,Minority,No,UG,64.09,82.01,447339,No
STU00203,24,Female,EWS,No,Technical,91.83,94.59,760607,No
STU00204,22,Female,SC,No,Technical,61.83,76.51,504597,No
STU00205,24,Female,ST,No,Technical,95.25,91.2,375783,Yes
STU00206,19,Female,OBC,Yes,PG,75.01,87.09,741184,Yes
STU00207,23,Female,SC,No,Professional,95.72,89.13,350470,Yes
STU00208,20,Male,OBC,No,UG,59.59,100.0,110217,No
STU00209,24,Female,Minority,No,Technical,82.53,93.42,534648,Yes
STU00210,25,Female,ST,No,Professional,83.74,100.0,329533,Yes
STU00211,23,Male,OBC,No,PG,60.64,73.66,530931,No
STU00212,24,Male,SC,No,PG,58.89,82.7,618668,No
STU00213,20,Male,OBC,No,Technical,70.15,95.71,713996,No
STU00214,17,Male,OBC,No,Professional,63.13,83.68,418622,No
STU00215,26,Female,EWS,No,Technical,84.89,87.31,156304,Yes
STU00216,29,Male,OBC,No,Professional,65.83,75.33,208502,Yes
STU00217,25,Female,Minority,No,UG,69.98,86.77,1500000,No
STU00218,20,Male,OBC,No,UG,73.0,100.0,128704,Yes
STU00219,23,Male,EWS,No,UG,93.93,85.17,482514,No
STU00220,23,Male,General,No,Technical,85.4,87.24,413328,No
STU00221,22,Male,General,No,UG,81.87,42.32,268924,No
STU00222,18,Female,SC,No,UG,73.03,97.16,479506,No
STU00223,28,Male,Minority,No,Technical,76.57,100.0,509663,No
STU00224,22,Female,EWS,No,Technical,48.83,96.68,390083,No
STU00225,17,Male,General,No,UG,69.79,79.18,203120,Yes
STU00226,27,Female,Minority,No,Technical,59.52,100.0,370081,No
STU00227,17,Female,OBC,No,PG,72.87,79.86,402623,Yes
STU00228,20,Male,SC,No,Technical,71.16,82.7,489363,No
STU00229,22,Male,SC,No,UG,64.81,76.6,119272,No
STU00230,28,Female,General,No,PG,,82.89,225738,Yes
STU00231,26,Female,Minority,No,Technical,74.18,89.29,207248,Yes
STU00232,25,Male,General,No,UG,58.71,93.05,160086,No
STU00233,23,Female,Minority,No,Professional,80.7,90.98,226509,Yes
STU00234,25,Female,SC,No,PG,76.63,100.0,206548,Yes
STU00235,29,Female,Minority,No,Professional,70.27,71.12,678085,No
STU00236,29,Male,EWS,No,PG,76.91,70.18,375545,No
STU00237,27,Male,General,No,PG,87.43,82.69,459671,No
STU00238,24,Male,OBC,No,UG,85.99,74.37,284181,Yes
STU00239,20,Male,General,No,PG,83.6,74.37,426597,No
STU00240,18,Male,OBC,No,UG,75.34,65.28,419316,Yes
STU00241,22,Female,Minority,No,UG,99.42,73.24,502371,No
STU00242,25,Male,General,No,Professional,93.25,81.44,495731,No
STU00243,19,Male,OBC,No,UG,48.57,85.53,250045,No
STU00244,25,Male,EWS,No,UG,82.38,81.71,90890,Yes
STU00245,28,Male,General,No,PG,45.79,94.28,364431,No
STU00246,28,Male,EWS,No,PG,84.46,90.41,390924,Yes
STU00247,21,Male,General,No,Technical,84.7,86.24,93240,Yes
STU00248,18,Male,General,No,PG,73.39,79.31,398657,No
STU00249,29,Male,OBC,No,Professional,72.28,89.52,201988,Yes
STU00250,20,Male,SC,No,Technical,78.26,96.94,272803,Yes
STU00251,26,Male,ST,No,UG,81.48,86.51,200664,No
STU00252,30,Male,OBC,No,Technical,75.11,89.33,246992,Yes
STU00253,30,Female,General,No,PG,54.99,87.53,460749,No
STU00254,24,Male,EWS,No,UG,65.41,84.57,882066,No
STU00255,22,Female,Minority,No,PG,85.15,94.74,455090,No
STU00256,19,Female,OBC,No,UG,74.26,85.76,243033,Yes
STU00257,27,Female,ST,No,PG,72.84,78.03,36023,Yes
STU00258,22,Female,Minority,No,Technical,88.29,63.15,210766,Yes
STU00259,21,Female,Minority,No,UG,69.25,82.27,206565,Yes
STU00260,22,Male,OBC,No,UG,61.11,98.41,213859,No
STU00261,18,Male,SC,No,UG,60.19,63.59,123831,No
STU00262,18,Male,SC,No,Technical,91.98,71.78,151734,Yes
STU00263,22,Female,General,No,PG,65.2,90.24,578212,No
STU00264,25,Female,OBC,No,Professional,89.4,76.53,461809,No
STU00265,22,Female,SC,No,Technical,73.69,69.26,256600,No
STU00266,17,Female,EWS,No,Professional,69.77,100.0,474829,No
STU00267,21,Female,OBC,No,UG,78.27,81.96,200662,Yes
STU00268,17,Female,General,No,Technical,68.58,90.53,745830,No
STU00269,18,Male,SC,No,UG,59.1,67.6,170887,No
STU00270,20,Male,OBC,No,Technical,81.87,70.41,210363,Yes
STU00271,25,Female,EWS,No,PG,81.42,97.72,435691,Yes
STU00272,22,Female,ST,No,Professional,64.26,84.49,206950,Yes
STU00273,17,Female,OBC,No,Technical,62.48,82.07,259959,No
STU00274,24,Female,SC,No,Technical,98.48,56.78,146243,No
STU00275,29,Male,ST,No,PG,75.7,97.25,638038,No
STU00276,29,Male,ST,No,Professional,82.65,96.26,224346,Yes
STU00277,29,Female,OBC,No,PG,,88.7,264072,No
STU00278,20,Male,General,No,Technical,61.2,71.95,112202,No
STU00279,28,Female,EWS,No,UG,93.98,86.75,598814,No
STU00280,19,Female,EWS,No,UG,57.22,82.1,92312,No
STU00281,21,Male,OBC,No,Technical,53.69,70.43,1030474,No
STU00282,18,Female,Minority,No,UG,79.79,83.44,302011,No
STU00283,28,Male,OBC,No,PG,69.95,65.99,49882,Yes
STU00284,18,Male,OBC,No,PG,60.56,96.0,365385,No
STU00285,24,Female,General,No,PG,59.19,90.72,67025,No
STU00286,19,Female,General,No,PG,75.76,87.76,509840,No
STU00287,29,Female,General,No,UG,74.39,70.25,848025,No
STU00288,20,Female,EWS,No,Professional,70.32,83.23,129701,Yes
STU00289,23,Female,General,No,UG,64.17,74.76,150392,No
STU00290,30,Male,General,No,Technical,88.16,86.5,283582,No
STU00291,24,Male,General,No,Professional,51.45,82.16,445105,No
STU00292,29,Male,EWS,No,Professional,84.89,78.15,478629,No
STU00293,30,Female,EWS,No,PG,100.0,90.52,135272,Yes
STU00294,18,Female,SC,No,PG,68.0,78.78,165428,Yes
STU00295,26,Female,General,No,PG,78.15,93.46,53295,Yes
STU00296,27,Male,General,No,Technical,58.11,78.37,139602,No
STU00297,28,Male,General,No,Technical,63.63,76.38,198599,No
STU00298,17,Female,OBC,No,PG,99.8,94.61,364709,Yes
STU00299,29,Male,OBC,No,PG,79.59,85.29,463089,No
STU00300,26,Female,Minority,No,UG,86.53,96.75,410494,Yes
STU00301,20,Male,Minority,No,PG,83.56,71.82,199610,Yes
STU00302,21,Female,SC,No,PG,49.96,57.79,140649,No
STU00303,20,Male,Minority,No,UG,51.57,86.03,174871,No
STU00304,22,Female,OBC,No,PG,64.61,84.05,195397,Yes
STU00305,30,Female,General,No,UG,80.79,65.95,557480,No
STU00306,20,Female,OBC,No,UG,51.42,89.32,429310,No
STU00307,19,Female,ST,No,PG,79.93,87.8,817730,No
STU00308,24,Female,EWS,No,UG,72.15,93.94,509443,No
STU00309,26,Female,General,No,PG,90.12,77.26,147502,Yes
STU00310,30,Male,OBC,No,Professional,67.99,86.25,127102,Yes
STU00311,28,Male,ST,No,Technical,63.56,70.76,382229,No
STU00312,28,Male,OBC,No,PG,65.81,93.72,226586,Yes
STU00313,21,Male,EWS,No,UG,66.4,80.72,905072,No
STU00314,28,Female,General,No,UG,62.68,90.29,312740,No
STU00315,26,Male,OBC,No,UG,,85.71,503788,No
STU00316,24,Male,SC,No,PG,75.3,84.45,348713,Yes
STU00317,27,Female,General,No,PG,100.0,93.81,144009,Yes
STU00318,30,Male,OBC,No,UG,77.8,70.52,183879,Yes
STU00319,27,Female,OBC,No,Professional,90.89,90.2,327682,Yes
STU00320,28,Male,OBC,No,UG,59.21,92.14,58605,No
STU00321,29,Female,General,No,PG,83.9,85.96,106530,Yes
STU00322,25,Male,OBC,No,PG,75.59,73.41,731181,No
STU00323,20,Female,SC,Yes,UG,83.65,86.57,364940,Yes
STU00324,29,Female,General,No,Technical,77.06,83.65,69072,Yes
STU00325,27,Female,OBC,No,PG,63.35,59.67,575280,No
STU00326,18,Female,Minority,No,UG,61.7,75.19,37627,No
STU00327,17,Female,OBC,No,PG,76.78,70.88,781667,No
STU00328,20,Female,General,No,PG,66.09,92.03,865126,No
STU00329,23,Female,SC,No,UG,81.79,73.79,863174,No
STU00330,29,Male,OBC,No,Technical,63.13,89.33,464744,No
STU00331,27,Female,EWS,No,UG,71.43,87.47,439512,Yes
STU00332,19,Male,General,No,UG,77.84,82.48,143735,Yes
STU00333,25,Male,SC,No,UG,75.06,78.17,415822,Yes
STU00334,18,Female,SC,No,Professional,75.45,94.25,164999,No
STU00335,17,Female,General,Yes,PG,74.9,81.95,203944,Yes
STU00336,22,Male,OBC,No,Professional,50.06,94.66,96045,No
STU00337,23,Male,SC,No,PG,43.62,84.12,793869,No
STU00338,27,Female,EWS,No,PG,86.25,80.15,211768,Yes
STU00339,18,Male,ST,No,UG,88.9,73.53,66477,Yes
STU00340,25,Male,Minority,No,PG,81.62,99.85,154937,Yes
STU00341,25,Female,General,No,Technical,83.59,86.4,152322,Yes
STU00342,24,Male,OBC,No,PG,68.04,68.01,265732,Yes
STU00343,17,Female,OBC,No,PG,40.91,93.67,318120,No
STU00344,27,Female,SC,No,PG,67.64,82.07,115271,Yes
STU00345,18,Male,OBC,No,UG,87.8,78.58,641831,No
STU00346,28,Male,General,No,Technical,67.44,85.45,443229,No
STU00347,26,Male,OBC,No,UG,67.08,78.47,164707,Yes
STU00348,17,Female,Minority,No,UG,80.35,72.29,216767,Yes
STU00349,23,Female,General,No,UG,66.49,83.4,370174,No
STU00350,29,Female,General,No,Technical,67.87,90.42,372632,No
STU00351,17,Male,SC,No,Professional,63.22,74.85,215727,No
STU00352,25,Female,SC,No,PG,69.2,78.41,222066,Yes
STU00353,17,Female,Minority,No,PG,77.21,83.68,68803,Yes
STU00354,29,Female,ST,No,PG,90.6,94.04,306390,Yes
STU00355,19,Female,OBC,No,UG,89.89,85.84,72548,Yes
STU00356,23,Male,SC,No,Professional,66.47,93.22,513692,No
STU00357,25,Male,General,No,PG,69.81,79.69,210991,No
STU00358,21,Female,General,No,PG,79.82,83.49,176094,Yes
STU00359,21,Male,EWS,No,UG,66.82,81.4,949489,Yes
STU00360,18,Male,SC,No,PG,45.39,75.09,62012,No
STU00361,29,Female,OBC,No,UG,94.03,83.44,131444,Yes
STU00362,27,Male,OBC,No,UG,60.21,78.76,434761,No
STU00363,21,Male,General,No,UG,73.82,85.88,383015,Yes
STU00364,18,Female,SC,No,UG,70.78,85.56,500467,No
STU00365,23,Female,OBC,No,PG,,98.67,369256,Yes
STU00366,28,Male,EWS,No,UG,66.97,73.01,430245,Yes
STU00367,28,Male,Minority,No,UG,73.95,81.41,142006,Yes
STU00368,19,Female,General,No,Technical,51.03,63.92,85233,No
STU00369,26,Female,SC,No,UG,73.94,76.37,79733,Yes
STU00370,17,Female,OBC,No,PG,63.85,78.77,267772,No
STU00371,23,Male,General,No,UG,68.66,74.64,250842,No
STU00372,26,Male,SC,No,PG,80.85,87.92,746035,No
STU00373,18,Female,OBC,No,UG,71.92,89.64,153687,Yes
STU00374,24,Male,SC,No,PG,82.72,89.45,127168,Yes
STU00375,20,Female,General,No,PG,68.15,94.2,631184,No
STU00376,19,Female,General,No,Technical,97.84,75.32,125669,Yes
STU00377,27,Male,ST,No,PG,65.39,75.5,296084,Yes
STU00378,17,Male,General,No,UG,64.91,85.61,125423,No
STU00379,27,Female,OBC,No,UG,67.5,93.71,146198,Yes
STU00380,20,Male,OBC,No,UG,77.58,73.4,809270,No
STU00381,27,Female,EWS,No,PG,64.3,100.0,72646,No
STU00382,29,Male,General,No,Professional,81.48,67.55,265823,Yes
STU00383,30,Male,Minority,No,UG,68.43,85.35,478861,No
STU00384,22,Male,EWS,No,UG,74.8,90.22,95737,Yes
STU00385,30,Female,ST,No,Professional,65.18,78.79,168958,Yes
STU00386,27,Female,EWS,No,UG,89.94,93.34,192797,Yes
STU00387,29,Male,ST,No,PG,58.31,89.61,125388,No
STU00388,30,Male,Minority,No,PG,59.06,92.37,141045,No
STU00389,30,Female,OBC,No,PG,84.59,,833779,No
STU00390,28,Male,SC,No,Professional,71.51,81.24,150590,Yes
STU00391,22,Female,Minority,No,UG,80.27,,296956,Yes
STU00392,30,Male,OBC,Yes,Technical,88.95,85.2,215795,Yes
STU00393,29,Male,EWS,No,PG,81.53,78.73,378184,Yes
STU00394,23,Female,OBC,No,Technical,62.95,74.28,233264,No
STU00395,18,Female,EWS,No,UG,72.82,89.05,81740,Yes
STU00396,30,Male,EWS,No,Professional,51.0,97.94,280800,No
STU00397,26,Female,General,No,Technical,66.17,77.46,331764,No
STU00398,19,Female,OBC,No,UG,64.49,95.0,91409,No
STU00399,19,Other,Minority,No,UG,61.96,82.22,194176,No
STU00400,19,Male,SC,No,UG,62.44,91.96,683876,No
STU00401,23,Female,Minority,No,Professional,70.84,67.37,747727,No
STU00402,26,Female,SC,No,UG,75.29,89.05,269825,Yes
STU00403,20,Male,OBC,No,Professional,38.31,85.63,189170,No
STU00404,30,Male,EWS,No,Technical,86.43,92.61,792457,No
STU00405,17,Male,OBC,No,PG,68.12,62.91,74749,Yes
STU00406,25,Female,General,No,UG,69.63,71.86,56744,Yes
STU00407,26,Female,General,No,UG,77.44,84.03,306039,No
STU00408,25,Female,General,No,Technical,100.0,94.38,49392,Yes
STU00409,27,Female,ST,No,UG,99.66,74.56,325148,Yes
STU00410,29,Female,OBC,No,UG,64.76,73.23,388904,No
STU00411,23,Male,SC,No,Professional,84.28,82.05,422665,Yes
STU00412,20,Male,General,No,Technical,75.89,70.95,150997,Yes
STU00413,22,Female,OBC,No,PG,71.87,66.04,1052067,No
STU00414,29,Female,ST,No,Technical,61.77,80.51,211837,No
STU00415,27,Other,OBC,No,Technical,67.64,85.27,68144,Yes
STU00416,17,Male,General,No,Professional,78.19,90.4,488394,No
STU00417,29,Male,OBC,No,UG,74.79,87.82,293242,Yes
STU00418,19,Male,OBC,Yes,PG,100.0,97.2,106802,Yes
STU00419,21,Female,OBC,No,UG,62.34,81.96,476688,No
STU00420,28,Female,EWS,No,UG,72.56,71.1,611232,No
STU00421,25,Female,OBC,No,PG,73.12,68.68,146272,Yes
STU00422,24,Male,OBC,No,UG,86.19,61.26,240388,Yes
STU00423,18,Male,EWS,No,Professional,74.88,90.14,80643,Yes
STU00424,28,Female,OBC,No,Technical,79.08,80.66,203475,Yes
STU00425,23,Female,Minority,No,PG,62.81,61.79,228483,No
STU00426,22,Female,General,No,PG,77.48,86.29,433141,No
STU00427,26,Female,General,No,PG,68.49,86.2,314165,No
STU00428,17,Male,OBC,No,UG,78.34,73.21,258737,Yes
STU00429,23,Male,General,No,UG,96.36,96.45,263694,No
STU00430,25,Female,General,No,Professional,82.32,77.21,135844,Yes
STU00431,25,Male,General,No,Technical,64.46,91.07,659569,No
STU00432,26,Male,OBC,No,UG,65.81,80.91,459672,No
STU00433,23,Female,General,No,Technical,71.45,89.51,56980,Yes
STU00434,18,Male,ST,No,UG,78.0,86.5,377787,Yes
STU00435,19,Male,General,Yes,PG,80.2,76.45,276473,Yes
STU00436,25,Female,General,No,Technical,60.85,74.6,88979,No
STU00437,18,Male,SC,No,UG,87.57,98.08,648900,No
STU00438,27,Female,General,No,UG,73.18,70.66,729583,No
STU00439,26,Female,General,No,Technical,62.34,78.45,108015,No
STU00440,30,Other,SC,No,Professional,51.05,75.09,53317,No
STU00441,17,Male,SC,No,Technical,60.01,78.27,961050,No
STU00442,26,Male,SC,No,UG,49.31,79.03,184196,No
STU00443,19,Female,EWS,No,Technical,85.63,82.17,347108,Yes
STU00444,25,Male,OBC,No,UG,73.62,98.19,91550,Yes
STU00445,28,Female,OBC,No,UG,76.8,91.54,580122,No
STU00446,26,Male,ST,No,PG,57.92,70.41,530476,No
STU00447,28,Female,EWS,No,Professional,39.35,95.14,193230,No
STU00448,22,Female,General,No,UG,69.87,100.0,621252,No
STU00449,23,Female,General,No,Professional,67.92,75.65,185117,Yes
STU00450,24,Male,General,No,PG,,90.16,167863,Yes
STU00451,21,Male,General,No,UG,71.22,86.91,253970,No
STU00452,23,Female,OBC,No,UG,69.61,74.65,274516,Yes
STU00453,20,Female,OBC,No,UG,44.08,86.44,411479,No
STU00454,24,Male,Minority,No,UG,73.51,80.41,267024,Yes
STU00455,29,Male,General,Yes,PG,81.39,80.71,201241,Yes
STU00456,26,Male,OBC,No,UG,69.0,91.93,206073,Yes
STU00457,23,Male,SC,No,PG,44.29,63.25,930673,No
STU00458,26,Female,General,No,Professional,70.36,90.77,287472,Yes
STU00459,19,Female,General,No,PG,60.92,70.72,216236,No
STU00460,28,Female,EWS,No,Technical,76.33,88.29,98300,Yes
STU00461,22,Female,General,No,UG,98.82,62.14,108986,Yes
STU00462,19,Female,EWS,No,Technical,52.87,84.55,554223,No
STU00463,21,Female,ST,No,Professional,47.93,83.64,619900,No
STU00464,20,Male,EWS,No,UG,81.14,75.97,233634,Yes
STU00465,22,Male,OBC,No,Technical,48.2,76.07,319928,No
STU00466,21,Female,OBC,No,Technical,82.64,85.15,319794,Yes
STU00467,22,Male,General,No,UG,71.63,78.33,178879,Yes
STU00468,30,Female,General,No,PG,63.75,98.59,405805,No
STU00469,28,Female,General,No,Technical,51.14,75.0,401241,No
STU00470,26,Male,OBC,No,Professional,66.66,78.08,1001897,No
STU00471,29,Male,OBC,No,UG,67.1,76.44,277857,Yes
STU00472,18,Female,General,No,Professional,76.04,79.4,362663,No
STU00473,27,Male,OBC,No,UG,89.86,90.73,761555,No
STU00474,21,Male,General,No,UG,61.28,95.83,234917,No
STU00475,27,Female,OBC,No,PG,81.78,82.71,598309,No
STU00476,26,Female,ST,No,UG,82.79,82.94,117830,Yes
STU00477,29,Male,Minority,No,UG,64.91,,458839,No
STU00478,19,Female,Minority,No,UG,63.98,78.76,324099,No
STU00479,19,Female,ST,No,PG,,84.42,692189,Yes
STU00480,27,Male,SC,No,PG,44.86,93.6,88061,No
STU00481,30,Female,EWS,No,PG,75.44,78.79,242683,Yes
STU00482,30,Female,OBC,No,PG,54.31,83.01,305991,No
STU00483,29,Female,General,Yes,UG,65.49,84.79,1023095,No
STU00484,30,Female,OBC,No,PG,71.9,87.52,335585,Yes
STU00485,17,Female,Minority,No,PG,63.79,95.72,294792,No
STU00486,23,Female,SC,No,Professional,65.63,85.19,79195,Yes
STU00487,20,Female,Minority,No,UG,68.05,79.45,612286,No
STU00488,21,Male,General,No,PG,87.2,68.95,164110,Yes
STU00489,26,Male,SC,No,Technical,44.52,91.77,226345,No
STU00490,19,Male,General,No,UG,91.66,86.67,632663,No
STU00491,28,Male,OBC,No,Technical,82.29,81.74,221301,Yes
STU00492,19,Male,OBC,No,UG,49.0,82.12,665816,No
STU00493,20,Female,SC,No,Professional,78.11,93.61,321376,Yes
STU00494,17,Female,OBC,No,Professional,66.04,95.53,593645,No
STU00495,22,Male,OBC,No,PG,59.6,87.76,252675,No
STU00496,28,Male,OBC,No,Technical,72.59,94.25,1467924,No
STU00497,18,Female,General,No,Technical,78.01,70.86,93513,Yes
STU00498,21,Female,General,No,Technical,76.69,73.64,379322,No
STU00499,28,Female,General,No,PG,51.93,91.66,209676,No
STU00500,20,Male,OBC,No,Technical,62.11,74.52,557322,No
STU00501,21,Female,General,No,PG,63.18,59.84,451054,No
STU00502,29,Male,SC,No,Technical,76.78,80.97,220786,Yes
STU00503,29,Female,SC,No,Professional,81.11,76.7,280151,Yes
STU00504,18,Female,ST,No,UG,68.57,78.4,628604,No
STU00505,17,Male,Minority,No,Technical,82.2,100.0,430534,Yes
STU00506,18,Female,SC,No,Technical,73.39,68.03,230106,Yes
STU00507,30,Male,OBC,No,UG,77.19,81.66,332457,Yes
STU00508,20,Male,General,No,Technical,62.36,74.32,217569,No
STU00509,17,Male,EWS,No,UG,91.69,88.79,1242191,No
STU00510,28,Male,SC,No,PG,84.19,97.87,623374,No
STU00511,20,Female,General,No,UG,77.88,87.47,79055,Yes
STU00512,18,Male,OBC,No,UG,52.68,71.16,221863,No
STU00513,26,Male,General,No,PG,78.14,76.47,201730,Yes
STU00514,19,Female,SC,No,UG,81.3,92.69,312625,Yes
STU00515,28,Female,OBC,No,PG,78.98,95.39,316707,Yes
STU00516,29,Female,Minority,No,UG,59.45,84.07,139291,No
STU00517,21,Male,General,Yes,Professional,63.82,98.45,275872,Yes
STU00518,29,Male,SC,No,UG,97.7,78.79,861761,No
STU00519,27,Female,General,No,UG,57.73,84.96,397080,No
STU00520,26,Female,General,No,Professional,59.21,77.07,238981,No
STU00521,24,Male,Minority,No,UG,75.76,77.28,171349,Yes
STU00522,18,Female,General,No,UG,89.5,84.93,107677,Yes
STU00523,24,Male,SC,No,UG,70.71,88.27,80837,Yes
STU00524,26,Female,EWS,No,Professional,76.01,84.26,193964,Yes
STU00525,21,Male,Minority,No,UG,79.85,93.47,202485,Yes
STU00526,30,Female,OBC,No,UG,48.14,81.08,124687,No
STU00527,22,Female,ST,No,Technical,62.71,77.76,238818,No
STU00528,26,Male,General,No,UG,64.89,80.69,311776,No
STU00529,23,Male,EWS,No,Professional,67.63,65.26,158242,Yes
STU00530,24,Female,EWS,Yes,PG,,90.0,373271,Yes
STU00531,21,Female,General,Yes,UG,69.31,81.5,223132,Yes
STU00532,27,Female,Minority,No,Technical,95.25,84.92,297002,Yes
STU00533,27,Female,General,No,PG,,92.08,170880,Yes
STU00534,29,Male,Minority,No,UG,87.52,77.16,141355,Yes
STU00535,25,Male,SC,No,Professional,72.88,100.0,99339,Yes
STU00536,22,Male,General,No,Professional,74.11,88.7,180459,Yes
STU00537,22,Male,Minority,No,Technical,71.76,91.9,156701,No
STU00538,26,Male,Minority,No,PG,85.13,75.25,152376,Yes
STU00539,23,Male,SC,No,PG,66.41,83.15,291829,Yes
STU00540,25,Female,SC,No,UG,70.12,59.78,579338,No
STU00541,19,Female,OBC,No,UG,52.03,75.68,498234,No
STU00542,25,Female,General,No,UG,80.15,59.82,79102,No
STU00543,24,Female,SC,No,PG,60.79,,243020,No
STU00544,23,Female,General,No,Professional,79.58,77.27,285596,Yes
STU00545,29,Female,SC,No,PG,78.67,83.79,536122,No
STU00546,22,Female,Minority,No,UG,73.82,83.28,278003,Yes
STU00547,24,Female,General,No,Technical,71.26,85.63,262533,Yes
STU00548,17,Male,General,No,UG,63.07,73.7,475044,No
STU00549,27,Male,OBC,No,Technical,65.72,90.45,279867,Yes
STU00550,28,Female,SC,No,PG,65.6,89.31,499040,No
STU00551,30,Male,OBC,No,UG,80.04,97.27,193305,Yes
STU00552,24,Male,OBC,No,UG,76.47,74.08,958387,Yes
STU00553,25,Male,General,No,Technical,69.11,92.12,327957,No
STU00554,25,Female,EWS,No,PG,82.54,96.89,237737,Yes
STU00555,22,Female,EWS,No,UG,84.45,78.11,433181,Yes
STU00556,20,Female,EWS,No,UG,,97.61,107307,No
STU00557,19,Male,OBC,No,PG,61.53,61.53,171303,No
STU00558,24,Male,General,No,UG,88.1,84.92,442742,No
STU00559,27,Male,OBC,No,PG,79.57,75.6,126063,Yes
STU00560,17,Female,OBC,No,Professional,67.35,66.68,288731,Yes
STU00561,18,Female,SC,No,UG,80.34,80.39,341744,Yes
STU00562,23,Male,General,No,UG,83.41,98.55,158209,Yes
STU00563,19,Male,ST,No,Technical,82.57,88.11,141520,Yes
STU00564,24,Female,General,No,UG,61.2,85.36,146251,No
STU00565,24,Male,OBC,No,PG,65.28,72.63,120036,Yes
STU00566,21,Male,General,No,UG,79.33,77.14,647264,No
STU00567,24,Female,OBC,Yes,UG,74.22,76.77,512756,No
STU00568,20,Male,General,No,Professional,76.37,76.6,183761,Yes
STU00569,25,Female,ST,No,UG,46.14,81.14,117822,Yes
STU00570,25,Female,SC,No,PG,83.18,75.56,138150,Yes
STU00571,18,Male,EWS,No,Technical,71.53,83.42,304320,Yes
STU00572,18,Other,General,No,Technical,63.24,61.8,170405,No
STU00573,22,Female,General,No,Professional,66.82,83.1,987804,No
STU00574,18,Female,General,No,UG,62.92,64.19,32932,No
STU00575,22,Female,ST,No,PG,87.95,92.48,100130,Yes
STU00576,19,Male,EWS,No,Technical,62.67,88.75,163567,No
STU00577,28,Female,General,No,Technical,77.15,63.46,373149,No
STU00578,21,Male,EWS,No,Professional,64.22,90.39,1467388,No
STU00579,19,Male,General,No,UG,61.18,92.32,220956,No
STU00580,30,Female,General,Yes,UG,69.03,80.15,216266,Yes
STU00581,30,Male,General,No,UG,82.12,78.02,134526,Yes
STU00582,28,Female,OBC,No,Professional,60.72,95.29,260063,No
STU00583,21,Male,General,No,Technical,48.39,88.55,277707,No
STU00584,23,Female,OBC,No,UG,76.52,61.97,369163,Yes
STU00585,26,Male,OBC,No,PG,57.9,97.26,98939,No
STU00586,26,Female,Minority,No,UG,73.16,71.53,159208,Yes
STU00587,19,Male,EWS,No,PG,88.32,100.0,324257,Yes
STU00588,22,Female,SC,No,UG,79.1,79.89,327132,Yes
STU00589,21,Female,OBC,No,Professional,78.3,91.6,501426,No
STU00590,27,Male,General,No,Professional,42.71,84.52,390364,No
STU00591,21,Male,OBC,No,Technical,68.95,87.35,158008,Yes
STU00592,26,Female,ST,No,UG,78.37,79.17,183901,No
STU00593,17,Female,General,No,Technical,72.09,76.4,171229,Yes
STU00594,17,Male,SC,No,Professional,73.41,77.91,205169,Yes
STU00595,24,Female,General,No,UG,61.98,90.16,143914,No
STU00596,25,Female,General,No,PG,86.86,96.11,211218,Yes
STU00597,26,Male,General,No,UG,,64.56,891636,No
STU00598,20,Male,General,No,UG,67.49,82.09,255423,No
STU00599,19,Female,General,No,UG,58.03,83.18,291427,No
STU00600,29,Male,Minority,No,UG,76.84,92.73,961807,No
STU00601,19,Female,SC,No,PG,78.16,70.73,321814,Yes
STU00602,25,Female,General,No,PG,68.53,84.41,448036,No
STU00603,24,Male,OBC,No,UG,65.31,82.7,365771,Yes
STU00604,29,Male,OBC,No,UG,70.0,87.76,263116,Yes
STU00605,23,Female,Minority,No,UG,,87.81,120965,Yes
STU00606,28,Female,SC,No,Technical,43.8,73.75,138423,No
STU00607,30,Male,OBC,No,PG,68.03,100.0,514003,No
STU00608,22,Male,OBC,No,UG,80.85,79.15,192854,Yes
STU00609,17,Female,EWS,No,PG,74.2,88.39,305037,Yes
STU00610,29,Female,OBC,No,Professional,67.7,84.34,253042,Yes
STU00611,24,Female,General,No,PG,73.45,75.29,281484,Yes
STU00612,30,Male,Minority,No,Technical,65.98,79.96,191957,Yes
STU00613,17,Female,OBC,No,Professional,59.96,88.67,517745,Yes
STU00614,20,Female,EWS,Yes,UG,65.81,86.8,92041,Yes
STU00615,29,Male,OBC,No,PG,87.64,100.0,265071,Yes
STU00616,23,Male,SC,No,UG,82.02,86.3,230535,Yes
STU00617,23,Male,ST,Yes,UG,66.2,82.72,872129,No
STU00618,18,Female,SC,No,UG,72.13,90.34,132972,Yes
STU00619,29,Male,OBC,No,UG,73.49,64.1,479319,No
STU00620,23,Female,General,Yes,UG,81.12,84.64,101727,Yes
STU00621,25,Male,EWS,No,Professional,59.92,63.53,94463,No
STU00622,23,Female,OBC,No,Professional,86.06,77.43,239382,Yes
STU00623,26,Male,General,No,UG,64.12,76.99,174778,No
STU00624,23,Male,ST,No,UG,79.03,71.77,598880,No
STU00625,17,Female,ST,No,UG,76.58,80.0,563469,No
STU00626,18,Male,OBC,No,PG,58.07,86.88,183963,No
STU00627,20,Female,Minority,No,UG,78.6,73.06,234737,Yes
STU00628,24,Male,OBC,No,PG,86.11,78.61,278451,Yes
STU00629,21,Male,General,No,UG,98.37,80.93,221368,Yes
STU00630,22,Female,General,No,PG,79.05,65.3,768096,No
STU00631,20,Male,OBC,No,UG,68.01,96.8,230484,Yes
STU00632,22,Female,General,No,Technical,69.99,76.47,226496,Yes
STU00633,27,Male,General,No,UG,87.23,81.91,513455,No
STU00634,27,Other,Minority,No,PG,94.86,73.05,302816,Yes
STU00635,26,Female,OBC,No,Professional,77.63,70.71,104442,Yes
STU00636,24,Female,OBC,No,Technical,73.35,83.27,1154654,No
STU00637,17,Male,General,No,UG,80.23,85.47,760751,No
STU00638,17,Female,EWS,No,UG,79.11,78.42,367414,Yes
STU00639,27,Male,OBC,No,PG,71.3,70.68,69034,Yes
STU00640,22,Female,OBC,Yes,UG,63.84,91.22,231995,Yes
STU00641,29,Female,General,No,Professional,64.11,82.68,236353,Yes
STU00642,29,Male,SC,No,UG,59.09,100.0,213191,No
STU00643,25,Female,ST,No,PG,82.08,67.24,261565,Yes
STU00644,21,Male,General,No,Professional,74.43,87.35,354875,No
STU00645,23,Male,Minority,No,Technical,81.3,78.97,98272,Yes
STU00646,19,Male,EWS,No,UG,52.57,87.45,1500000,No
STU00647,24,Male,General,No,UG,69.7,81.27,869928,No
STU00648,17,Female,Minority,No,PG,71.97,70.54,225580,Yes
STU00649,18,Male,EWS,No,PG,75.69,82.0,418150,Yes
STU00650,24,Male,EWS,No,UG,63.11,82.87,468710,No
STU00651,25,Male,General,No,Technical,86.1,96.7,299756,No
STU00652,20,Male,General,No,Technical,62.67,78.1,193826,No
STU00653,29,Male,OBC,No,PG,48.25,76.47,57088,No
STU00654,21,Male,EWS,No,Technical,57.92,81.47,171914,Yes
STU00655,21,Male,ST,No,Technical,67.08,67.94,230668,Yes
STU00656,27,Male,OBC,No,Professional,78.67,78.08,455745,No
STU00657,26,Male,SC,No,Technical,44.88,79.95,610928,No
STU00658,29,Female,Minority,No,Technical,70.59,82.79,168700,Yes
STU00659,27,Female,EWS,No,PG,83.92,73.04,398235,Yes
STU00660,20,Male,SC,No,UG,,66.79,168843,Yes
STU00661,23,Female,ST,No,Technical,69.7,84.69,383782,Yes
STU00662,19,Male,General,No,Technical,86.3,73.73,301423,No
STU00663,21,Male,OBC,No,Technical,70.67,61.89,309045,Yes
STU00664,21,Male,EWS,No,UG,76.32,80.57,578158,No
STU00665,29,Female,OBC,Yes,PG,69.16,75.33,453858,No
STU00666,30,Female,General,No,Technical,71.74,76.09,793868,No
STU00667,28,Female,ST,No,Professional,97.05,91.73,220145,Yes
STU00668,17,Female,SC,No,UG,79.79,75.05,1067577,No
STU00669,23,Male,Minority,No,PG,82.66,89.35,380375,Yes
STU00670,27,Male,Minority,No,UG,69.25,86.51,239064,Yes
STU00671,27,Female,General,No,PG,60.17,79.83,102397,No
STU00672,30,Female,SC,No,UG,67.62,73.68,171468,Yes
STU00673,28,Female,OBC,No,UG,75.63,96.09,157280,Yes
STU00674,21,Male,SC,No,Technical,63.46,79.84,330564,No
STU00675,26,Male,SC,No,PG,83.17,86.37,511346,No
STU00676,19,Male,SC,No,UG,48.53,,155189,No
STU00677,20,Other,OBC,No,Technical,95.43,79.09,408817,Yes
STU00678,28,Female,SC,No,UG,70.35,83.89,727607,No
STU00679,26,Male,EWS,Yes,UG,96.65,69.87,143667,Yes
STU00680,19,Male,SC,No,PG,95.59,81.55,512553,No
STU00681,28,Female,OBC,No,UG,93.73,70.85,54058,No
STU00682,27,Male,OBC,No,PG,71.74,99.34,568787,No
STU00683,17,Male,Minority,No,UG,79.19,80.85,753377,No
STU00684,30,Female,EWS,No,Professional,58.93,73.2,535724,No
STU00685,19,Female,Minority,No,Professional,74.43,72.56,98165,Yes
STU00686,22,Female,OBC,No,PG,71.6,67.07,546249,No
STU00687,27,Female,General,No,Professional,48.86,70.25,260800,No
STU00688,18,Male,OBC,No,UG,61.57,71.85,311523,No
STU00689,19,Female,General,No,UG,87.91,79.52,372681,No
STU00690,24,Female,EWS,No,Professional,57.32,98.76,203987,No
STU00691,17,Female,Minority,Yes,Professional,83.47,82.3,479747,No
STU00692,27,Female,General,No,Professional,72.06,89.69,236154,Yes
STU00693,24,Female,SC,No,PG,69.82,76.9,282332,Yes
STU00694,23,Male,General,No,PG,54.14,70.39,232426,No
STU00695,27,Male,OBC,No,UG,77.01,77.98,225832,Yes
STU00696,22,Female,ST,No,UG,79.9,94.72,145640,Yes
STU00697,22,Female,Minority,No,PG,100.0,85.95,648909,No
STU00698,22,Male,OBC,No,Professional,69.2,75.58,350955,Yes
STU00699,25,Female,SC,No,PG,64.74,84.64,266910,No
STU00700,26,Female,OBC,No,Technical,79.36,84.84,147058,Yes
STU00701,19,Female,General,No,PG,73.39,91.36,113539,Yes
STU00702,20,Female,SC,No,UG,65.3,71.55,392987,Yes
STU00703,24,Male,General,No,PG,82.12,94.57,259543,No
STU00704,24,Female,ST,No,UG,74.54,70.94,269689,Yes
STU00705,18,Female,General,No,Professional,75.06,86.69,398506,No
STU00706,18,Other,SC,No,Technical,86.89,94.89,299213,Yes
STU00707,22,Female,General,No,UG,62.38,81.56,654023,No
STU00708,27,Female,OBC,No,Professional,83.6,100.0,147483,Yes
STU00709,17,Female,ST,No,UG,63.63,94.18,261112,No
STU00710,26,Male,Minority,No,PG,77.19,73.02,348044,Yes
STU00711,17,Male,OBC,No,UG,71.24,64.17,119736,Yes
STU00712,19,Female,SC,No,UG,70.14,71.12,1095648,No
STU00713,24,Female,General,No,PG,35.0,69.29,187844,No
STU00714,20,Female,General,No,Professional,69.15,,133258,Yes
STU00715,18,Male,ST,No,UG,58.96,82.41,196784,No
STU00716,21,Male,General,No,UG,70.15,88.08,49440,Yes
STU00717,24,Other,General,No,PG,68.97,75.84,410354,No
STU00718,21,Female,Minority,No,Technical,77.89,,216107,Yes
STU00719,24,Male,ST,No,Professional,49.98,100.0,268833,No
STU00720,21,Female,EWS,No,UG,69.03,85.88,162215,Yes
STU00721,21,Male,General,No,UG,81.72,65.87,604227,No
STU00722,27,Female,General,No,UG,60.28,85.8,222972,No
STU00723,17,Male,OBC,No,PG,73.99,91.37,128422,Yes
STU00724,17,Female,General,No,Technical,93.26,95.5,889643,No
STU00725,21,Female,Minority,No,UG,73.95,77.33,240986,Yes
STU00726,19,Female,Minority,No,PG,78.48,73.56,207020,Yes
STU00727,30,Male,General,No,UG,67.24,81.85,445440,No
STU00728,26,Male,ST,No,UG,54.35,82.57,260794,No
STU00729,29,Female,General,No,Technical,62.66,94.84,96299,No
STU00730,19,Male,SC,No,UG,78.69,77.43,917027,No
STU00731,18,Female,General,No,Professional,97.3,85.04,529202,No
STU00732,28,Female,ST,No,Technical,56.53,81.63,172214,No
STU00733,21,Male,Minority,No,Technical,60.45,94.62,463406,No
STU00734,28,Male,General,No,Professional,68.73,82.09,458614,No
STU00735,17,Female,Minority,No,Technical,55.63,86.87,189804,No
STU00736,28,Female,EWS,No,Professional,70.84,79.41,256708,Yes
STU00737,24,Male,EWS,No,PG,76.55,84.13,350796,Yes
STU00738,25,Male,OBC,No,Professional,73.56,89.49,252391,Yes
STU00739,17,Other,OBC,No,UG,66.55,62.11,352947,Yes
STU00740,17,Male,General,No,UG,49.25,80.12,57641,No
STU00741,18,Female,General,No,UG,81.02,74.63,106401,Yes
STU00742,30,Female,General,No,Technical,,73.52,385044,No
STU00743,20,Female,OBC,No,Technical,72.11,83.56,485648,No
STU00744,18,Female,OBC,No,UG,65.17,83.45,142798,No
STU00745,25,Female,Minority,No,UG,59.94,,884206,No
STU00746,17,Male,General,No,Technical,63.93,98.11,180165,No
STU00747,17,Male,OBC,No,UG,64.42,72.67,587099,No
STU00748,24,Female,General,No,UG,50.06,78.73,813462,No
STU00749,17,Male,General,No,UG,54.5,87.23,270771,No
STU00750,29,Female,General,No,UG,74.24,83.1,117887,Yes
STU00751,25,Female,General,No,UG,80.46,98.18,409036,No
STU00752,21,Male,SC,No,Technical,69.66,73.8,141196,Yes
STU00753,24,Male,Minority,No,PG,57.52,86.98,82682,No
STU00754,27,Female,General,No,PG,68.41,72.58,277992,No
STU00755,20,Female,SC,No,UG,82.65,91.76,804464,No
STU00756,23,Male,ST,No,PG,63.59,94.09,436278,Yes
STU00757,17,Female,SC,No,Professional,84.37,83.43,365305,No
STU00758,18,Female,OBC,No,UG,66.7,83.78,365602,Yes
STU00759,20,Male,OBC,No,Professional,71.17,61.52,90097,Yes
STU00760,25,Female,General,No,PG,60.13,74.78,71999,No
STU00761,30,Male,General,No,PG,76.03,76.79,206158,Yes
STU00762,30,Male,General,No,Technical,87.23,50.24,343722,No
STU00763,18,Female,General,No,UG,65.45,76.47,465036,No
STU00764,26,Male,OBC,No,UG,,80.56,653327,No
STU00765,20,Female,ST,No,Professional,61.45,90.33,152162,No
STU00766,26,Female,ST,No,PG,75.26,68.74,133459,Yes
STU00767,21,Male,OBC,No,UG,76.68,90.39,111936,Yes
STU00768,25,Male,ST,No,Professional,81.95,82.17,121023,Yes
STU00769,22,Male,ST,No,PG,67.27,95.91,219717,Yes
STU00770,18,Female,OBC,No,Technical,49.84,96.41,339774,No
STU00771,24,Female,ST,No,Technical,73.17,,97663,No
STU00772,22,Male,OBC,No,UG,70.16,86.73,219010,Yes
STU00773,24,Other,General,No,Professional,61.41,78.59,357952,Yes
STU00774,19,Male,General,No,Technical,81.56,94.57,172424,Yes
STU00775,24,Female,EWS,No,PG,67.72,80.97,321379,Yes
STU00776,25,Female,OBC,No,UG,74.09,78.88,231849,Yes
STU00777,27,Female,General,No,PG,72.12,77.57,803721,No
STU00778,24,Female,ST,No,UG,77.73,82.0,221672,Yes
STU00779,27,Male,Minority,No,PG,79.84,87.65,193131,Yes
STU00780,17,Female,SC,No,UG,64.15,92.69,135170,No
STU00781,22,Male,General,No,UG,76.09,77.9,264128,No
STU00782,23,Female,OBC,No,Technical,82.98,89.07,179014,Yes
STU00783,22,Female,OBC,No,UG,81.51,65.17,237022,Yes
STU00784,27,Female,OBC,No,PG,81.14,79.05,682920,No
STU00785,21,Male,General,No,Professional,47.93,93.13,71150,No
STU00786,21,Female,General,No,UG,64.21,78.95,357339,Yes
STU00787,25,Male,OBC,No,UG,70.33,77.05,222690,Yes
STU00788,25,Male,SC,No,Technical,68.83,75.3,268299,Yes
STU00789,30,Male,SC,Yes,Professional,63.78,75.7,178116,Yes
STU00790,21,Female,OBC,No,PG,72.15,71.78,130430,Yes
STU00791,28,Male,ST,No,UG,100.0,61.49,302542,Yes
STU00792,18,Female,General,No,PG,66.34,77.71,322759,No
STU00793,29,Female,OBC,No,Professional,68.07,73.45,132193,Yes
STU00794,18,Male,SC,No,Technical,82.19,64.7,129855,Yes
STU00795,30,Female,Minority,No,UG,52.94,85.68,207867,No
STU00796,17,Male,Minority,No,Professional,60.77,72.41,356428,No
STU00797,24,Male,OBC,No,PG,57.91,99.19,180012,No
STU00798,17,Male,EWS,No,UG,72.32,62.76,198941,Yes
STU00799,27,Male,Minority,No,Professional,60.37,83.16,436026,No
STU00800,26,Female,General,No,UG,67.31,97.29,569714,No
STU00801,28,Male,OBC,No,PG,56.09,92.12,222425,No
STU00802,19,Male,Minority,No,Technical,73.76,63.92,193250,Yes
STU00803,23,Female,OBC,No,UG,89.46,84.18,62504,Yes
STU00804,29,Female,OBC,No,Technical,69.76,84.92,570596,No
STU00805,30,Male,General,No,Technical,65.61,89.22,328753,No
STU00806,27,Male,OBC,No,UG,70.92,80.76,202829,Yes
STU00807,26,Female,General,No,PG,69.26,85.97,182136,Yes
STU00808,27,Female,OBC,No,Technical,82.4,97.12,103759,Yes
STU00809,24,Female,OBC,No,Professional,90.53,78.66,1082413,No
STU00810,26,Female,EWS,No,Technical,58.8,88.92,286686,No
STU00811,27,Male,OBC,No,UG,75.23,67.18,186848,Yes
STU00812,29,Male,Minority,No,Technical,96.98,77.46,540901,No
STU00813,19,Male,SC,No,PG,79.59,76.73,218772,Yes
STU00814,24,Female,General,No,UG,56.66,98.09,159647,No
STU00815,18,Female,General,No,UG,87.32,100.0,83463,Yes
STU00816,20,Female,Minority,No,PG,63.21,70.72,706653,No
STU00817,17,Female,General,No,PG,63.37,83.64,734300,Yes
STU00818,26,Female,General,No,UG,67.56,78.7,101503,Yes
STU00819,18,Female,General,No,Technical,60.91,86.23,541449,No
STU00820,18,Female,OBC,No,PG,72.93,75.29,73353,Yes
STU00821,25,Female,General,No,Technical,74.7,84.22,552430,No
STU00822,21,Female,OBC,No,UG,78.81,82.24,1094005,No
STU00823,21,Male,General,No,PG,75.63,90.66,184161,Yes
STU00824,17,Male,SC,No,UG,74.65,64.02,275421,Yes
STU00825,17,Female,General,No,Professional,75.07,94.46,745831,No
STU00826,30,Female,ST,No,UG,81.77,77.88,149080,Yes
STU00827,25,Male,OBC,No,PG,75.7,68.88,1500000,No
STU00828,21,Male,General,No,UG,,87.57,756782,No
STU00829,30,Male,General,No,PG,56.39,77.77,137961,No
STU00830,28,Female,General,No,PG,62.88,,297439,No
STU00831,23,Female,SC,No,UG,69.13,71.41,185819,Yes
STU00832,29,Male,Minority,No,PG,73.76,80.71,432439,Yes
STU00833,20,Male,General,No,PG,,91.6,171874,No
STU00834,24,Male,SC,No,UG,70.37,77.0,289557,Yes
STU00835,19,Male,OBC,No,PG,77.06,75.96,1196656,No
STU00836,27,Male,EWS,No,Technical,81.18,99.87,161060,No
STU00837,25,Male,EWS,No,UG,67.76,82.43,658682,No
STU00838,21,Male,EWS,No,Technical,66.73,80.91,87964,Yes
STU00839,19,Female,SC,No,Technical,76.82,76.16,707366,No
STU00840,22,Male,ST,No,Professional,84.24,76.28,212344,Yes
STU00841,23,Female,SC,No,PG,81.39,78.05,189937,Yes
STU00842,29,Male,General,No,PG,71.43,79.74,166440,Yes
STU00843,23,Other,General,No,PG,75.6,78.37,244014,Yes
STU00844,30,Male,EWS,No,UG,76.77,75.3,1446513,No
STU00845,20,Male,Minority,No,UG,64.22,91.91,404106,No
STU00846,18,Male,ST,No,PG,56.24,67.98,148335,No
STU00847,20,Male,EWS,No,UG,58.53,59.48,388260,Yes
STU00848,28,Female,OBC,No,Technical,76.1,85.11,123054,Yes
STU00849,28,Female,OBC,No,PG,79.82,82.01,580548,No
STU00850,28,Male,OBC,No,UG,55.38,71.07,682099,No
STU00851,23,Male,ST,No,UG,84.21,68.58,230287,Yes
STU00852,22,Female,EWS,No,Professional,75.37,89.4,229617,Yes
STU00853,28,Male,EWS,No,PG,69.93,88.7,518108,No
STU00854,17,Female,OBC,Yes,UG,65.39,75.57,112098,Yes
STU00855,28,Female,SC,No,PG,70.93,80.7,315889,Yes
STU00856,23,Female,General,No,Professional,60.52,85.76,457101,No
STU00857,25,Male,OBC,No,UG,88.92,69.63,146614,Yes
STU00858,26,Female,OBC,No,Technical,53.33,83.92,237211,No
STU00859,17,Female,OBC,No,UG,71.07,93.38,175823,Yes
STU00860,19,Male,SC,No,PG,61.06,84.76,127940,No
STU00861,24,Female,SC,No,PG,80.02,89.36,432681,Yes
STU00862,24,Male,General,No,Technical,48.16,92.18,84229,No
STU00863,28,Female,Minority,No,UG,61.53,84.37,175015,No
STU00864,29,Male,Minority,No,PG,64.03,77.3,125359,No
STU00865,19,Female,General,No,Professional,87.44,85.37,148141,Yes
STU00866,19,Male,ST,No,Technical,80.45,86.15,439379,Yes
STU00867,23,Female,SC,No,UG,78.79,77.83,334287,Yes
STU00868,26,Male,SC,Yes,UG,,81.49,432560,No
STU00869,25,Male,OBC,No,Technical,88.31,75.39,849254,No
STU00870,22,Male,OBC,No,Professional,63.91,93.07,442132,No
STU00871,24,Female,OBC,Yes,Professional,74.38,71.63,321666,Yes
STU00872,27,Female,OBC,No,UG,78.07,75.24,890678,No
STU00873,22,Male,EWS,No,PG,69.1,76.49,375571,Yes
STU00874,25,Male,OBC,Yes,Technical,66.84,89.5,527394,No
STU00875,18,Male,OBC,No,UG,72.12,95.85,709456,No
STU00876,22,Male,SC,No,PG,42.74,74.62,287436,No
STU00877,26,Female,SC,No,UG,84.56,82.3,257391,No
STU00878,23,Female,OBC,No,UG,66.48,92.98,660982,No
STU00879,20,Female,General,No,Technical,64.44,75.93,127360,No
STU00880,17,Male,SC,No,Technical,,68.6,87503,Yes
STU00881,22,Other,EWS,No,UG,77.11,81.72,364756,Yes
STU00882,27,Female,OBC,No,UG,79.43,76.35,326471,Yes
STU00883,19,Other,SC,No,Professional,82.27,91.33,695458,No
STU00884,21,Female,EWS,No,Professional,88.75,87.91,153360,Yes
STU00885,20,Female,EWS,No,UG,57.43,96.62,258964,No
STU00886,30,Male,EWS,No,PG,100.0,80.26,355487,Yes
STU00887,24,Female,EWS,No,Technical,77.63,68.66,365471,Yes
STU00888,29,Female,SC,No,UG,56.96,81.68,166987,No
STU00889,23,Male,General,No,Technical,73.85,93.0,1343496,No
STU00890,18,Male,General,No,PG,89.99,64.54,137499,Yes
STU00891,24,Male,General,No,UG,62.77,82.38,376170,No
STU00892,30,Male,General,No,UG,72.99,98.83,222740,Yes
STU00893,27,Female,OBC,No,PG,64.15,72.17,212245,No
STU00894,22,Other,General,No,PG,41.89,90.72,409583,No
STU00895,26,Female,SC,No,Professional,63.36,65.58,83600,No
STU00896,26,Male,General,Yes,Technical,60.79,85.29,191538,Yes
STU00897,20,Female,ST,No,PG,61.91,85.59,859044,No
STU00898,29,Female,General,No,Technical,85.52,82.4,86128,Yes
STU00899,24,Male,General,No,UG,69.56,88.36,461775,No
STU00900,19,Female,OBC,No,UG,82.81,84.28,156064,Yes
STU00901,27,Female,SC,No,UG,80.28,93.97,909892,No
STU00902,20,Female,OBC,No,UG,63.76,77.08,393644,No
STU00903,17,Male,General,No,PG,64.85,94.61,296597,No
STU00904,29,Female,OBC,No,Professional,61.24,65.03,144678,No
STU00905,18,Male,OBC,No,UG,85.73,100.0,271046,Yes
STU00906,24,Female,OBC,No,PG,52.73,93.11,361283,No
STU00907,17,Male,OBC,No,UG,55.53,94.8,729990,No
STU00908,22,Male,General,No,Professional,75.73,84.21,227722,Yes
STU00909,29,Female,Minority,No,PG,66.49,79.72,386023,Yes
STU00910,24,Female,OBC,No,PG,91.16,79.01,88931,Yes
STU00911,22,Male,OBC,No,PG,59.94,96.9,392567,No
STU00912,26,Female,SC,No,UG,70.86,91.68,632759,Yes
STU00913,17,Male,General,No,PG,72.3,88.77,315356,No
STU00914,20,Male,OBC,No,Technical,57.37,71.77,292906,No
STU00915,21,Male,EWS,No,UG,70.18,84.38,176886,Yes
STU00916,17,Female,OBC,No,PG,73.71,83.65,389206,Yes
STU00917,18,Female,SC,No,UG,69.34,81.21,151373,Yes
STU00918,20,Female,General,No,Technical,65.48,77.61,321563,No
STU00919,23,Male,OBC,No,PG,94.0,69.59,476106,No
STU00920,29,Male,ST,No,Professional,69.52,100.0,51153,Yes
STU00921,18,Male,SC,No,PG,62.92,87.66,189105,No
STU00922,21,Female,General,No,PG,74.23,96.73,151436,Yes
STU00923,22,Female,OBC,No,UG,81.65,63.0,171520,Yes
STU00924,20,Female,General,Yes,PG,59.89,100.0,221838,Yes
STU00925,28,Other,SC,No,UG,57.93,68.03,543946,No
STU00926,22,Female,SC,No,Technical,80.81,87.73,425306,Yes
STU00927,29,Female,OBC,No,Technical,70.09,,255353,Yes
STU00928,24,Male,SC,No,Professional,89.86,89.84,495463,No
STU00929,19,Female,General,No,Professional,91.84,84.12,67511,Yes
STU00930,30,Female,OBC,No,UG,66.77,94.21,118068,Yes
STU00931,20,Female,SC,No,PG,66.14,71.07,322812,Yes
STU00932,25,Male,ST,No,UG,70.92,81.32,477680,No
STU00933,19,Female,General,No,PG,73.28,83.59,289701,Yes
STU00934,18,Male,OBC,No,UG,80.57,65.72,71567,No
STU00935,21,Male,SC,No,UG,71.79,64.64,68185,Yes
STU00936,29,Female,OBC,No,UG,79.99,74.07,916940,No
STU00937,24,Male,General,No,PG,75.59,90.21,345749,No
STU00938,26,Female,General,No,UG,49.53,83.86,177159,No
STU00939,25,Male,OBC,No,UG,57.46,100.0,428665,No
STU00940,24,Male,Minority,No,PG,90.25,100.0,231621,Yes
STU00941,25,Male,General,No,Professional,76.32,75.77,993076,No
STU00942,17,Male,Minority,No,Professional,60.32,84.24,69347,No
STU00943,27,Male,SC,No,UG,98.11,75.03,87111,Yes
STU00944,20,Female,SC,No,Technical,88.13,85.23,308149,Yes
STU00945,25,Female,EWS,No,Technical,54.92,79.57,150653,No
STU00946,26,Male,General,No,Professional,70.46,68.22,258325,No
STU00947,27,Female,OBC,No,UG,75.73,74.63,258179,Yes
STU00948,20,Female,OBC,No,UG,68.05,88.55,96534,Yes
STU00949,24,Female,Minority,No,Technical,60.96,77.88,153845,No
STU00950,28,Female,General,No,PG,80.61,71.38,69527,Yes
STU00951,17,Female,General,No,UG,69.24,99.55,168429,Yes
STU00952,19,Female,Minority,No,Professional,69.28,100.0,408854,Yes
STU00953,19,Female,SC,No,Professional,92.79,80.06,377917,Yes
STU00954,27,Female,EWS,Yes,PG,71.59,93.5,298587,Yes
STU00955,30,Male,OBC,No,UG,59.23,92.99,157967,No
STU00956,27,Male,General,No,UG,70.94,86.17,622797,No
STU00957,29,Female,SC,No,Professional,79.62,64.6,518301,No
STU00958,21,Female,ST,No,UG,87.72,81.33,264007,Yes
STU00959,27,Female,General,No,Technical,77.0,89.94,322540,No
STU00960,24,Male,SC,No,Technical,53.0,80.7,301073,No
STU00961,29,Male,General,No,PG,59.29,99.36,322018,Yes
STU00962,29,Female,SC,No,UG,65.39,81.94,131286,Yes
STU00963,28,Male,SC,No,UG,62.9,82.73,90760,No
STU00964,20,Male,Minority,No,Professional,78.72,74.55,462504,No
STU00965,30,Female,General,No,Technical,61.54,81.46,1500000,No
STU00966,28,Female,ST,No,UG,84.22,83.99,123129,Yes
STU00967,26,Female,SC,No,UG,86.75,82.48,548550,No
STU00968,25,Male,ST,No,UG,,90.14,231214,Yes
STU00969,25,Male,OBC,No,PG,54.15,98.6,178593,No
STU00970,20,Female,General,No,UG,80.88,95.48,154720,Yes
STU00971,19,Male,OBC,No,UG,77.09,96.88,333536,Yes
STU00972,23,Male,OBC,No,UG,68.36,82.56,301789,Yes
STU00973,29,Female,SC,No,UG,,63.02,1008922,No
STU00974,19,Female,General,No,UG,68.37,70.83,711518,No
STU00975,21,Female,OBC,No,Professional,63.48,74.63,523162,No
STU00976,24,Female,Minority,No,UG,66.74,83.34,294425,Yes
STU00977,27,Female,Minority,No,PG,80.89,67.92,175816,Yes
STU00978,25,Male,Minority,No,Professional,65.6,88.02,477531,No
STU00979,28,Male,OBC,Yes,Professional,87.69,79.97,247684,Yes
STU00980,28,Female,SC,No,Technical,57.15,89.31,345781,No
STU00981,19,Female,General,No,UG,88.67,97.83,185867,Yes
STU00982,26,Male,General,No,UG,80.38,71.45,283713,No
STU00983,23,Female,SC,No,UG,74.61,86.75,1053645,No
STU00984,18,Male,SC,No,UG,65.6,67.64,207410,Yes
STU00985,23,Male,OBC,No,Technical,57.97,78.99,587058,No
STU00986,27,Male,Minority,Yes,UG,85.86,85.2,227024,Yes
STU00987,28,Male,General,No,Technical,68.93,81.51,168288,Yes
STU00988,21,Female,ST,No,UG,58.85,69.44,587339,No
STU00989,29,Female,SC,No,Technical,76.39,84.79,302064,No
STU00990,20,Male,General,No,UG,57.49,82.74,201496,No
STU00991,25,Male,Minority,No,UG,76.02,75.83,250404,Yes
STU00992,29,Male,OBC,No,UG,74.5,83.67,288177,Yes
STU00993,18,Female,SC,No,UG,94.96,89.2,170546,Yes
STU00994,29,Male,General,No,Technical,,100.0,466321,No
STU00995,24,Male,General,No,UG,79.13,80.75,259456,No
STU00996,21,Male,OBC,No,UG,67.6,85.15,201403,Yes
STU00997,23,Female,General,No,UG,73.31,61.77,176137,Yes
STU00998,19,Female,OBC,No,PG,73.97,81.75,724810,No
STU00999,26,Female,SC,No,UG,73.4,82.34,471088,No
STU01000,23,Female,EWS,No,PG,70.75,93.12,104802,Yes
STU01001,30,Male,OBC,No,UG,74.52,81.95,231209,Yes
STU01002,22,Male,ST,No,Technical,64.26,91.11,243827,No
STU01003,20,Male,OBC,No,PG,57.96,70.28,858348,No
STU01004,30,Female,SC,No,UG,56.79,91.79,128481,No
STU01005,20,Male,General,Yes,UG,76.85,100.0,289250,Yes
STU01006,20,Male,OBC,No,UG,80.68,82.13,565918,No
STU01007,26,Female,General,No,Professional,75.71,77.08,114865,Yes
STU01008,29,Male,OBC,No,UG,60.08,95.12,154859,No
STU01009,30,Female,General,No,Technical,88.27,82.78,107552,Yes
STU01010,23,Male,General,No,UG,63.53,97.69,340146,No
STU01011,21,Male,OBC,No,PG,61.73,95.83,215704,No
STU01012,25,Female,General,No,UG,65.3,79.8,751584,No
STU01013,28,Female,EWS,No,UG,76.53,90.04,366812,Yes
STU01014,30,Female,OBC,No,PG,47.34,75.23,294465,No
STU01015,19,Female,General,No,Technical,57.37,56.82,525822,No
STU01016,24,Male,SC,No,Technical,92.63,74.59,680399,No
STU01017,28,Male,Minority,No,UG,61.73,74.25,227232,No
STU01018,27,Female,OBC,No,UG,57.7,69.65,150727,No
STU01019,19,Male,General,No,UG,58.75,61.02,82078,No
STU01020,28,Female,General,No,Technical,51.41,82.91,230944,No
STU01021,23,Female,General,No,UG,72.64,90.57,203292,Yes
STU01022,28,Male,SC,No,Professional,67.59,94.71,234865,Yes
STU01023,26,Male,OBC,No,Technical,77.52,81.59,396233,Yes
STU01024,23,Male,General,No,UG,35.56,70.58,260265,No
STU01025,18,Male,EWS,No,Professional,80.32,91.11,997813,No
STU01026,27,Female,General,No,UG,64.08,81.11,181855,No
STU01027,25,Female,General,No,PG,91.59,76.51,352080,No
STU01028,19,Male,EWS,No,Technical,49.36,83.94,360620,No
STU01029,24,Female,Minority,No,PG,74.83,86.14,279976,Yes
STU01030,17,Male,EWS,No,PG,60.78,74.75,379422,No
STU01031,20,Female,General,No,PG,59.32,82.39,489318,No
STU01032,29,Male,Minority,No,UG,69.25,72.05,257869,Yes
STU01033,29,Other,General,No,Technical,70.78,77.67,195482,Yes
STU01034,18,Female,SC,No,UG,48.59,69.15,446649,No
STU01035,23,Female,General,No,Technical,64.17,87.56,354320,No
STU01036,17,Male,Minority,No,UG,100.0,91.94,171249,Yes
STU01037,25,Female,SC,No,PG,65.49,85.45,331087,Yes
STU01038,27,Female,SC,No,UG,87.68,92.49,187277,Yes
STU01039,24,Male,OBC,No,UG,54.41,68.69,192075,No
STU01040,19,Female,OBC,No,PG,71.48,94.06,189526,Yes
STU01041,28,Female,General,No,Technical,96.99,77.81,154286,Yes
STU01042,18,Male,OBC,Yes,UG,78.16,89.15,146571,Yes
STU01043,21,Other,General,Yes,PG,60.34,82.9,150054,Yes
STU01044,21,Male,General,No,Technical,54.03,85.69,630710,No
STU01045,29,Female,General,No,UG,76.2,87.92,414642,No
STU01046,26,Female,General,No,PG,67.32,89.49,105452,Yes
STU01047,28,Female,OBC,No,UG,68.2,95.1,326501,Yes
STU01048,18,Female,General,No,UG,52.25,68.73,204619,No
STU01049,24,Female,Minority,No,Technical,86.1,80.7,123535,Yes
STU01050,29,Male,General,No,Technical,54.67,68.46,438248,No
STU01051,20,Female,General,No,UG,69.93,78.03,474891,No
STU01052,30,Female,SC,No,Professional,71.4,84.33,142868,Yes
STU01053,23,Female,General,No,Professional,84.68,86.84,301804,No
STU01054,26,Female,General,No,Technical,62.49,99.94,305842,No
STU01055,19,Male,ST,No,UG,50.81,84.53,247118,No
STU01056,27,Male,Minority,No,Professional,73.28,83.51,168397,Yes
STU01057,22,Male,Minority,No,UG,67.46,,112366,Yes
STU01058,19,Female,SC,No,Technical,54.6,73.07,127846,No
STU01059,25,Female,OBC,No,UG,63.7,73.33,99002,No
STU01060,25,Female,Minority,No,Technical,73.24,90.63,74183,No
STU01061,20,Female,General,No,UG,79.5,90.42,123268,Yes
STU01062,30,Male,OBC,No,Professional,82.98,89.57,101072,Yes
STU01063,19,Female,OBC,No,Technical,85.45,92.02,83843,No
STU01064,29,Male,General,No,Technical,80.94,84.15,289882,No
STU01065,23,Female,General,No,UG,62.63,85.53,388072,No
STU01066,21,Male,SC,No,UG,71.89,63.67,277729,Yes
STU01067,24,Female,General,No,UG,68.38,88.03,55185,Yes
STU01068,26,Male,General,No,PG,60.99,87.91,179598,No
STU01069,18,Female,ST,No,UG,49.19,79.83,212753,No
STU01070,19,Female,General,No,Professional,67.84,87.31,155263,Yes
STU01071,22,Male,EWS,No,UG,79.86,,246714,No
STU01072,25,Female,OBC,Yes,Professional,61.9,87.36,306183,Yes
STU01073,17,Male,General,No,Technical,79.99,78.27,71354,Yes
STU01074,25,Male,General,No,UG,66.35,66.31,202302,Yes
STU01075,22,Female,SC,No,PG,74.45,77.0,683985,No
STU01076,19,Female,General,No,UG,70.7,,192599,Yes
STU01077,17,Female,General,No,PG,85.25,84.71,738629,No
STU01078,21,Male,General,No,UG,67.06,70.24,262015,No
STU01079,18,Female,SC,No,UG,100.0,63.23,254463,Yes
STU01080,29,Female,OBC,No,PG,76.51,76.08,347398,Yes
STU01081,29,Female,Minority,No,Professional,57.55,71.86,643758,No
STU01082,20,Female,EWS,No,PG,68.97,90.81,341337,Yes
STU01083,24,Female,OBC,No,Technical,56.19,68.0,109859,No
STU01084,20,Male,SC,No,Technical,69.59,87.11,53639,Yes
STU01085,24,Male,OBC,No,UG,64.62,70.91,227738,No
STU01086,23,Female,EWS,No,UG,90.69,88.09,368580,Yes
STU01087,29,Female,SC,No,Professional,86.2,92.73,294133,Yes
STU01088,19,Male,EWS,No,Technical,78.44,87.3,276313,Yes
STU01089,25,Male,ST,No,Technical,67.26,81.48,171085,Yes
STU01090,23,Female,OBC,No,Professional,74.86,76.91,123325,Yes
STU01091,19,Female,OBC,Yes,PG,69.75,,670725,No
STU01092,21,Female,General,No,PG,98.81,86.79,329500,No
STU01093,27,Female,OBC,No,UG,78.47,89.22,206305,Yes
STU01094,23,Male,General,No,Professional,76.31,82.01,466961,No
STU01095,25,Female,ST,No,UG,62.55,98.52,388272,No
STU01096,25,Female,OBC,No,PG,62.54,66.48,447945,No
STU01097,21,Female,SC,No,Professional,59.85,67.89,244763,No
STU01098,29,Male,General,Yes,Professional,72.55,65.74,455060,No
STU01099,30,Male,General,No,UG,,64.97,185023,Yes
STU01100,22,Male,Minority,No,Technical,53.69,84.46,636408,No
STU01101,17,Male,General,No,Professional,59.95,79.41,613257,No
STU01102,24,Other,Minority,No,UG,62.88,76.09,125926,No
STU01103,27,Male,SC,No,PG,89.19,65.67,178906,Yes
STU01104,18,Female,EWS,No,UG,84.85,85.58,287859,Yes
STU01105,19,Female,SC,No,Technical,77.89,80.18,162046,Yes
STU01106,28,Male,OBC,No,UG,68.91,79.59,187194,Yes
STU01107,24,Male,General,No,UG,60.21,77.92,187020,No
STU01108,22,Male,ST,No,UG,88.83,77.78,722676,No
STU01109,29,Male,SC,No,UG,61.36,97.47,183618,No
STU01110,30,Female,General,No,UG,74.31,91.57,230478,Yes
STU01111,22,Female,EWS,No,Professional,77.71,100.0,202878,Yes
STU01112,27,Female,General,No,UG,68.85,92.46,357677,No
STU01113,27,Male,General,Yes,PG,90.58,76.3,206508,Yes
STU01114,27,Male,Minority,No,UG,78.42,95.23,53675,Yes
STU01115,18,Female,Minority,No,Professional,49.16,96.6,306128,No
STU01116,26,Male,EWS,No,Professional,80.42,90.45,198009,Yes
STU01117,29,Female,SC,No,PG,54.02,89.42,1500000,No
STU01118,18,Male,ST,No,Technical,54.95,92.91,201742,No
STU01119,30,Female,OBC,No,PG,73.47,94.59,188328,Yes
STU01120,28,Female,OBC,No,UG,87.31,77.09,515691,No
STU01121,25,Female,General,No,PG,76.75,96.73,811619,No
STU01122,23,Female,EWS,No,Technical,70.39,90.42,1015674,No
STU01123,20,Male,General,No,Technical,70.96,84.59,136429,Yes
STU01124,26,Female,SC,No,PG,71.12,81.36,201892,Yes
STU01125,21,Female,ST,No,PG,69.69,67.93,388377,Yes
STU01126,27,Female,OBC,No,UG,48.02,88.5,448624,No
STU01127,18,Male,General,No,UG,84.57,76.88,379896,No
STU01128,17,Female,OBC,No,Technical,44.03,83.4,172078,No
STU01129,21,Male,SC,No,Technical,67.58,68.93,250218,Yes
STU01130,29,Female,OBC,No,UG,88.59,84.2,439492,Yes
STU01131,23,Other,ST,No,UG,79.62,77.5,223191,Yes
STU01132,17,Female,SC,No,Professional,63.19,55.31,197197,No
STU01133,30,Other,OBC,No,UG,90.77,,288824,Yes
STU01134,28,Female,General,No,Technical,88.68,80.72,411999,No
STU01135,28,Male,General,No,PG,61.94,90.1,244380,Yes
STU01136,24,Male,SC,No,UG,70.83,86.63,156075,Yes
STU01137,18,Female,General,Yes,PG,71.36,88.32,216191,Yes
STU01138,22,Male,General,No,Technical,69.04,78.84,231385,Yes
STU01139,17,Male,General,No,Technical,71.08,73.22,272491,No
STU01140,28,Male,General,No,Technical,73.55,80.63,184210,Yes
STU01141,30,Male,Minority,No,Technical,89.36,94.85,229797,Yes
STU01142,26,Female,OBC,No,UG,73.22,86.25,192023,Yes
STU01143,20,Male,OBC,No,UG,93.13,80.99,338355,Yes
STU01144,28,Female,General,No,PG,66.23,77.84,111927,Yes
STU01145,25,Male,General,No,PG,69.34,94.07,165918,Yes
STU01146,26,Male,General,No,Professional,96.17,99.13,464189,No
STU01147,27,Female,Minority,No,UG,49.19,92.43,55120,No
STU01148,26,Male,Minority,No,Technical,64.27,76.17,296129,No
STU01149,19,Female,SC,No,Technical,65.15,74.74,293248,Yes
STU01150,23,Female,SC,No,UG,76.44,75.08,89696,Yes
STU01151,29,Female,OBC,No,Professional,77.94,90.03,282317,Yes
STU01152,26,Female,ST,Yes,Technical,57.24,89.6,59932,Yes
STU01153,28,Male,ST,No,Professional,75.41,81.73,1404380,No
STU01154,25,Female,EWS,No,UG,54.65,72.22,752804,No
STU01155,27,Female,ST,No,UG,51.21,71.94,718361,Yes
STU01156,22,Female,ST,No,UG,76.37,76.06,200610,Yes
STU01157,26,Male,General,No,Professional,91.3,89.84,431153,No
STU01158,27,Male,SC,No,Technical,79.56,80.15,773547,No
STU01159,24,Female,General,No,Technical,64.35,83.27,397712,No
STU01160,23,Female,General,No,UG,64.74,97.77,527902,No
STU01161,30,Male,General,Yes,UG,73.18,76.53,529514,No
STU01162,28,Male,EWS,No,PG,49.21,100.0,295564,No
STU01163,25,Male,SC,No,PG,68.0,95.21,329438,Yes
STU01164,26,Male,EWS,No,UG,62.46,84.45,401254,No
STU01165,25,Female,SC,No,UG,74.15,100.0,85247,Yes
STU01166,29,Female,Minority,No,Technical,77.22,63.99,361563,Yes
STU01167,25,Male,OBC,No,UG,54.11,84.03,233066,No
STU01168,29,Female,General,No,PG,76.4,85.44,601892,No
STU01169,24,Female,OBC,No,PG,60.85,86.86,200280,No
STU01170,30,Male,General,No,PG,54.06,82.96,245455,No
STU01171,27,Female,EWS,No,UG,75.37,74.43,205392,Yes
STU01172,22,Female,EWS,No,UG,74.57,96.4,277038,Yes
STU01173,24,Female,OBC,No,UG,70.05,87.96,517674,No
STU01174,27,Female,General,No,Professional,77.94,98.65,507894,No
STU01175,20,Female,OBC,No,UG,80.94,89.0,195413,Yes
STU01176,30,Female,EWS,No,UG,80.05,78.79,781371,No
STU01177,19,Female,General,No,PG,76.38,58.45,367579,No
STU01178,28,Male,ST,No,Technical,60.65,82.41,188990,No
STU01179,27,Male,ST,No,Professional,53.44,85.16,380582,No
STU01180,19,Female,General,No,Technical,49.33,72.22,304879,No
STU01181,23,Female,ST,No,PG,80.19,84.77,70398,Yes
STU01182,24,Male,OBC,No,UG,69.49,74.75,199325,Yes
STU01183,29,Female,SC,No,UG,83.54,86.04,298296,Yes
STU01184,20,Male,General,No,PG,74.36,74.95,33427,Yes
STU01185,23,Female,OBC,No,UG,64.58,97.31,877646,No
STU01186,24,Female,General,No,UG,65.86,82.71,217118,Yes
STU01187,30,Female,SC,No,UG,76.81,90.44,559429,No
STU01188,28,Female,SC,No,PG,69.58,76.29,309179,Yes
STU01189,21,Female,ST,No,Technical,72.6,79.07,299502,Yes
STU01190,28,Male,SC,No,UG,,89.73,140055,Yes
STU01191,19,Male,General,No,Technical,58.32,76.56,399013,No
STU01192,19,Female,General,No,Technical,74.36,81.2,233814,Yes
STU01193,30,Male,SC,No,UG,75.8,75.9,252949,Yes
STU01194,25,Female,General,No,Professional,71.5,66.98,170817,Yes
STU01195,19,Other,General,No,PG,76.87,85.67,178098,Yes
STU01196,23,Female,OBC,No,UG,44.76,89.71,647010,No
STU01197,25,Male,OBC,Yes,UG,78.8,78.29,542119,Yes
STU01198,21,Male,SC,No,Professional,71.8,100.0,412465,Yes
STU01199,27,Male,EWS,No,Technical,74.83,85.49,265320,Yes
STU01200,25,Male,OBC,Yes,PG,90.89,82.28,232874,Yes
STU01201,18,Male,General,No,Technical,69.6,67.26,738064,No
STU01202,26,Male,SC,No,PG,71.98,71.79,162566,Yes
STU01203,17,Female,EWS,No,PG,67.35,87.01,304317,Yes
STU01204,19,Female,EWS,No,UG,51.66,89.26,187956,No
STU01205,17,Male,Minority,No,Professional,55.78,85.66,322692,No
STU01206,28,Female,Minority,No,PG,60.33,70.93,799404,No
STU01207,27,Male,General,No,PG,70.58,61.37,117636,Yes
STU01208,22,Female,OBC,No,Professional,70.6,79.44,482845,No
STU01209,30,Female,OBC,No,UG,74.63,97.91,451233,No
STU01210,26,Female,EWS,No,UG,78.65,88.2,160648,Yes
STU01211,22,Female,Minority,No,Professional,81.25,85.43,447431,Yes
STU01212,21,Female,General,No,PG,68.26,89.82,379369,No
STU01213,20,Female,Minority,No,Professional,81.77,82.8,360428,Yes
STU01214,26,Female,General,No,UG,65.57,63.24,270456,Yes
STU01215,29,Male,EWS,No,Technical,69.04,87.8,278866,Yes
STU01216,17,Male,OBC,No,Technical,57.86,80.74,377392,No
STU01217,28,Male,General,No,Professional,90.2,59.38,164092,Yes
STU01218,29,Female,General,No,PG,78.17,89.99,483813,No
STU01219,27,Female,Minority,No,UG,84.94,58.32,154078,No
STU01220,24,Male,OBC,No,Technical,65.75,86.1,1202433,No
STU01221,18,Male,General,No,UG,76.84,78.15,183571,Yes
STU01222,29,Male,OBC,No,UG,63.32,76.72,554341,No
STU01223,28,Female,ST,No,Professional,61.79,76.18,96237,No
STU01224,19,Male,General,No,UG,75.22,84.96,99827,Yes
STU01225,26,Male,Minority,No,UG,65.34,87.73,165620,Yes
STU01226,21,Male,OBC,No,Technical,82.57,100.0,164109,Yes
STU01227,25,Male,General,No,UG,62.31,92.08,633013,No
STU01228,27,Female,OBC,No,PG,48.85,94.96,315382,No
STU01229,17,Male,OBC,No,UG,76.66,70.77,55426,Yes
STU01230,18,Male,OBC,No,UG,76.96,78.94,398494,Yes
STU01231,18,Female,OBC,No,Professional,60.89,81.9,509024,No
STU01232,28,Female,General,No,UG,90.39,,220624,Yes
STU01233,26,Female,Minority,No,UG,79.62,79.69,30000,Yes
STU01234,22,Male,General,No,PG,91.15,96.79,87959,Yes
STU01235,23,Female,OBC,No,PG,75.48,90.51,46290,Yes
STU01236,21,Female,Minority,No,UG,56.54,95.07,277079,No
STU01237,30,Male,General,No,PG,76.78,85.81,147066,Yes
STU01238,19,Male,OBC,No,UG,70.45,77.08,144281,Yes
STU01239,18,Male,General,No,PG,73.1,84.82,449570,No
STU01240,17,Female,OBC,No,Technical,76.79,90.8,229351,Yes
STU01241,24,Female,Minority,No,Technical,71.79,81.96,281299,Yes
STU01242,28,Female,EWS,No,PG,68.53,100.0,138529,Yes
STU01243,19,Female,OBC,No,PG,61.63,97.6,320898,No
STU01244,29,Male,OBC,No,Professional,86.65,85.5,229634,Yes
STU01245,24,Male,OBC,No,PG,86.89,85.25,192373,Yes
STU01246,24,Male,General,No,Technical,73.2,95.48,168351,Yes
STU01247,20,Female,SC,No,UG,72.16,91.63,151464,Yes
STU01248,26,Female,SC,No,UG,70.7,94.47,184347,Yes
STU01249,21,Female,General,No,PG,70.89,64.82,90098,Yes
STU01250,28,Female,EWS,No,Professional,46.36,59.8,671403,No
STU01251,29,Female,General,No,UG,66.79,81.4,823760,No
STU01252,19,Male,General,No,UG,86.68,81.33,462343,No
STU01253,17,Male,SC,No,PG,75.45,66.84,78291,Yes
STU01254,24,Female,General,No,Professional,85.53,93.32,154319,Yes
STU01255,21,Male,OBC,No,Technical,67.3,80.15,98265,Yes
STU01256,23,Female,OBC,No,Professional,50.23,81.48,572120,No
STU01257,27,Female,ST,No,Professional,78.68,75.08,347018,Yes
STU01258,20,Female,OBC,No,UG,86.87,72.64,695734,No
STU01259,30,Male,OBC,No,Technical,78.8,88.76,343360,Yes
STU01260,19,Other,General,No,PG,44.8,82.18,258904,No
STU01261,18,Male,OBC,No,Technical,68.29,80.69,274057,Yes
STU01262,26,Female,General,No,Professional,80.18,78.03,317671,No
STU01263,23,Female,SC,No,PG,55.9,88.04,172158,No
STU01264,25,Female,Minority,No,Technical,67.17,,751785,No
STU01265,20,Male,EWS,No,UG,61.9,69.11,125920,No
STU01266,28,Male,OBC,No,Technical,88.81,83.27,795477,No
STU01267,30,Male,SC,No,Professional,56.87,63.06,480593,No
STU01268,29,Female,SC,No,PG,76.71,86.48,425113,Yes
STU01269,27,Female,General,No,Professional,45.93,86.31,317960,No
STU01270,18,Male,General,Yes,UG,67.57,84.58,300855,Yes
STU01271,23,Male,Minority,No,PG,88.21,65.31,273902,Yes
STU01272,30,Male,EWS,No,Technical,54.04,58.21,266918,No
STU01273,25,Female,OBC,No,Technical,85.46,73.11,159111,Yes
STU01274,28,Male,OBC,No,PG,82.8,80.08,302770,Yes
STU01275,20,Male,OBC,No,Technical,77.59,69.64,554085,Yes
STU01276,25,Male,EWS,No,PG,86.86,68.91,459425,No
STU01277,24,Female,General,No,PG,72.92,86.27,302041,No
STU01278,17,Male,Minority,No,UG,76.98,62.76,717631,No
STU01279,25,Female,Minority,No,UG,58.28,100.0,1500000,No
STU01280,28,Female,Minority,No,UG,64.0,91.61,292786,No
STU01281,22,Female,SC,No,PG,77.47,90.33,293928,Yes
STU01282,20,Male,SC,No,Technical,53.05,88.86,154944,No
STU01283,22,Female,General,No,UG,76.92,78.48,751652,No
STU01284,29,Female,OBC,No,PG,88.21,83.29,189088,Yes
STU01285,18,Male,Minority,No,PG,63.72,82.32,138307,No
STU01286,26,Male,SC,No,PG,62.46,100.0,213071,No
STU01287,30,Female,General,No,PG,76.87,83.98,148679,Yes
STU01288,22,Male,General,No,PG,80.09,83.42,452032,Yes
STU01289,24,Female,SC,No,UG,56.62,76.54,483909,No
STU01290,17,Male,OBC,No,UG,68.45,87.22,366268,Yes
STU01291,28,Female,SC,No,PG,76.97,91.27,237331,Yes
STU01292,25,Female,OBC,No,Technical,71.96,69.64,123238,Yes
STU01293,28,Male,SC,No,Professional,77.49,97.05,150213,Yes
STU01294,27,Male,ST,No,UG,74.51,74.53,622255,No
STU01295,26,Female,ST,No,Technical,75.97,77.99,157288,Yes
STU01296,29,Female,OBC,No,PG,69.45,77.45,78823,No
STU01297,25,Male,OBC,No,PG,88.17,86.21,161352,Yes
STU01298,17,Female,OBC,No,UG,69.07,97.26,159618,Yes
STU01299,28,Female,SC,No,UG,75.9,81.03,839383,No
STU01300,25,Female,SC,No,Technical,67.53,83.48,188596,Yes
STU01301,27,Male,ST,No,Professional,72.18,90.1,196448,Yes
STU01302,18,Male,General,No,UG,59.36,100.0,60328,No
STU01303,23,Female,SC,No,UG,72.51,100.0,304838,Yes
STU01304,28,Male,OBC,No,Technical,84.98,87.93,461814,No
STU01305,17,Male,Minority,No,UG,68.44,68.04,227853,Yes
STU01306,19,Female,OBC,No,Professional,65.37,68.59,294189,Yes
STU01307,18,Female,ST,No,UG,59.78,83.84,191397,No
STU01308,24,Male,OBC,No,PG,56.94,,485093,No
STU01309,23,Male,General,Yes,Technical,62.85,86.77,1500000,No
STU01310,26,Male,EWS,No,Technical,64.13,74.71,241032,No
STU01311,17,Female,General,No,Professional,75.15,87.59,320048,No
STU01312,19,Female,General,No,Technical,72.98,84.51,231531,Yes
STU01313,25,Male,OBC,No,UG,54.09,88.41,143724,No
STU01314,28,Male,OBC,No,UG,86.37,72.26,249755,Yes
STU01315,21,Female,SC,No,UG,63.07,93.5,265971,No
STU01316,19,Male,OBC,No,Technical,76.74,67.99,268766,No
STU01317,24,Male,EWS,No,Professional,52.36,71.94,203622,No
STU01318,22,Female,OBC,No,UG,54.52,78.46,694361,No
STU01319,21,Female,EWS,No,UG,82.61,100.0,157963,Yes
STU01320,17,Male,OBC,No,UG,76.78,73.35,386144,Yes
STU01321,20,Female,SC,No,Professional,72.2,73.53,506582,No
STU01322,20,Female,OBC,No,Professional,84.76,100.0,290582,Yes
STU01323,29,Female,Minority,No,UG,80.2,58.41,580243,No
STU01324,26,Female,OBC,No,Professional,60.88,62.81,491148,No
STU01325,23,Male,EWS,No,UG,56.64,83.73,255865,No
STU01326,27,Female,General,No,Technical,80.14,79.71,332194,No
STU01327,23,Female,OBC,No,Technical,54.3,97.04,139845,No
STU01328,26,Other,OBC,No,Technical,83.63,78.91,55833,Yes
STU01329,24,Female,General,No,UG,74.05,88.51,326894,No
STU01330,24,Male,General,No,UG,67.51,89.1,165576,Yes
STU01331,27,Female,OBC,Yes,UG,76.19,79.71,274623,No
STU01332,24,Male,Minority,No,UG,71.39,74.54,326806,Yes
STU01333,20,Male,EWS,No,UG,70.75,94.22,429122,Yes
STU01334,19,Male,SC,No,PG,89.44,85.5,747089,No
STU01335,22,Male,General,No,PG,76.97,77.56,270457,No
STU01336,27,Male,Minority,No,UG,76.24,86.97,128993,Yes
STU01337,17,Male,OBC,No,Technical,60.75,96.55,520133,No
STU01338,20,Male,SC,No,PG,81.7,76.06,463615,No
STU01339,29,Female,SC,No,Professional,79.49,100.0,633920,No
STU01340,24,Female,General,No,UG,64.98,100.0,76079,No
STU01341,28,Male,SC,No,UG,65.75,86.39,215997,Yes
STU01342,21,Other,SC,No,Technical,84.56,89.33,107547,Yes
STU01343,27,Male,ST,No,Technical,70.78,76.74,474002,No
STU01344,26,Female,ST,No,Professional,49.53,84.34,324220,No
STU01345,25,Other,OBC,Yes,PG,87.77,84.97,531428,Yes
STU01346,18,Female,OBC,No,Technical,65.46,98.19,386067,No
STU01347,24,Male,Minority,No,PG,78.34,83.95,255872,Yes
STU01348,22,Female,General,No,PG,82.53,75.64,331853,No
STU01349,29,Female,EWS,No,Technical,78.94,86.24,293662,No
STU01350,17,Female,OBC,No,Technical,68.81,78.49,173763,Yes
STU01351,26,Male,General,No,Professional,63.45,77.42,311889,No
STU01352,20,Male,General,No,UG,87.07,96.68,144710,Yes
STU01353,20,Male,ST,Yes,UG,55.3,96.54,354557,Yes
STU01354,21,Male,Minority,No,UG,79.55,91.46,296992,Yes
STU01355,30,Male,SC,No,UG,78.19,78.82,455851,No
STU01356,25,Female,General,No,UG,72.93,68.32,127341,Yes
STU01357,22,Female,General,Yes,PG,62.91,64.21,134964,Yes
STU01358,18,Male,General,No,UG,84.63,76.91,280720,No
STU01359,20,Female,General,No,UG,77.06,78.56,169946,Yes
STU01360,29,Female,EWS,No,PG,68.79,73.97,148569,Yes
STU01361,27,Female,OBC,No,UG,75.57,69.45,463029,No
STU01362,23,Female,EWS,No,UG,58.99,82.25,567036,No
STU01363,30,Male,OBC,No,PG,54.87,94.26,650943,No
STU01364,28,Female,OBC,No,UG,72.31,65.72,140518,Yes
STU01365,25,Male,SC,No,UG,70.23,80.01,219172,Yes
STU01366,29,Other,General,No,UG,79.95,87.4,260596,No
STU01367,24,Male,ST,No,PG,78.31,100.0,105258,Yes
STU01368,22,Female,General,No,Technical,60.29,93.21,229747,No
STU01369,26,Male,OBC,No,Professional,77.7,83.51,432320,Yes
STU01370,18,Male,SC,Yes,Technical,72.61,73.79,88435,Yes
STU01371,30,Male,General,No,UG,64.55,84.05,715484,No
STU01372,21,Female,Minority,No,UG,78.15,99.18,625364,No
STU01373,25,Female,EWS,No,PG,74.69,56.31,361175,No
STU01374,18,Female,General,No,Professional,71.77,79.46,758853,No
STU01375,26,Female,SC,No,UG,61.94,94.54,415251,No
STU01376,30,Male,EWS,No,Professional,67.59,84.45,537636,No
STU01377,28,Male,OBC,No,Technical,91.34,86.75,173671,Yes
STU01378,27,Female,Minority,No,UG,68.01,86.71,176352,Yes
STU01379,27,Male,OBC,No,UG,61.53,73.33,54675,No
STU01380,27,Female,ST,No,UG,67.56,90.53,663502,Yes
STU01381,30,Other,General,No,PG,70.59,81.26,69348,Yes
STU01382,27,Male,OBC,No,UG,90.63,85.28,590316,No
STU01383,17,Female,SC,No,Professional,57.83,73.25,308269,No
STU01384,19,Female,OBC,No,UG,64.89,89.75,183434,No
STU01385,21,Male,OBC,No,UG,87.5,73.43,176441,Yes
STU01386,28,Female,Minority,No,Professional,78.23,82.1,212992,Yes
STU01387,25,Female,OBC,No,Professional,65.67,87.99,95073,Yes
STU01388,26,Female,OBC,No,UG,54.62,80.86,362402,Yes
STU01389,23,Female,General,No,UG,62.48,92.95,1500000,No
STU01390,24,Male,OBC,No,Professional,87.97,80.1,139534,Yes
STU01391,27,Male,ST,No,UG,89.37,81.66,184323,Yes
STU01392,30,Female,SC,No,PG,67.88,64.52,254065,Yes
STU01393,17,Female,OBC,No,UG,81.06,68.29,50690,Yes
STU01394,29,Female,General,No,UG,73.31,80.91,805739,No
STU01395,24,Male,OBC,No,UG,81.65,77.68,96509,Yes
STU01396,26,Female,SC,No,UG,66.48,86.47,241921,Yes
STU01397,17,Female,General,No,PG,78.12,86.04,345506,No
STU01398,30,Female,OBC,No,PG,,95.95,463112,No
STU01399,29,Female,SC,No,Technical,74.06,87.19,233566,Yes
STU01400,21,Female,OBC,No,UG,69.36,89.85,224339,Yes
STU01401,24,Female,SC,Yes,PG,83.86,87.19,415093,No
STU01402,19,Male,EWS,No,UG,93.74,85.11,193502,Yes
STU01403,21,Male,OBC,No,PG,57.74,74.29,311165,No
STU01404,23,Male,SC,No,Professional,78.99,78.72,267820,Yes
STU01405,22,Male,ST,No,Professional,74.52,76.61,347743,Yes
STU01406,21,Female,General,No,Professional,63.1,63.16,842558,No
STU01407,28,Female,General,Yes,UG,87.7,71.8,516582,No
STU01408,20,Male,SC,No,Technical,55.42,88.89,304771,No
STU01409,23,Female,General,No,UG,54.26,86.71,234450,No
STU01410,24,Female,SC,No,PG,79.85,79.19,295186,Yes
STU01411,25,Female,Minority,No,Professional,62.19,80.34,98806,No
STU01412,22,Male,EWS,No,PG,67.28,72.88,211247,Yes
STU01413,24,Female,OBC,No,Professional,81.63,86.42,44091,No
STU01414,20,Male,SC,No,Technical,69.98,83.65,151658,Yes
STU01415,20,Female,OBC,No,UG,54.62,84.68,75784,No
STU01416,30,Female,EWS,No,UG,64.37,83.97,248019,No
STU01417,23,Female,SC,No,Professional,71.1,87.41,125091,Yes
STU01418,19,Male,General,No,PG,49.11,71.43,321720,No
STU01419,18,Male,EWS,No,Professional,59.01,73.81,393577,No
STU01420,29,Male,ST,No,UG,84.65,85.27,348122,Yes
STU01421,24,Male,EWS,No,UG,71.37,95.53,70814,Yes
STU01422,20,Female,OBC,No,UG,88.04,67.74,636711,No
STU01423,18,Female,General,No,PG,73.95,84.74,362894,No
STU01424,24,Female,Minority,No,UG,77.53,83.32,936414,No
STU01425,17,Female,EWS,No,UG,48.39,84.56,673981,No
STU01426,24,Female,EWS,No,UG,77.06,89.18,59847,Yes
STU01427,20,Female,OBC,No,UG,63.2,80.11,236548,No
STU01428,29,Female,OBC,No,UG,61.7,75.69,435056,Yes
STU01429,23,Female,OBC,No,Technical,85.95,81.8,273442,Yes
STU01430,27,Male,ST,No,Professional,87.29,92.19,850152,No
STU01431,22,Male,EWS,No,Professional,74.68,80.41,999752,No
STU01432,30,Male,EWS,No,Professional,73.08,81.24,308883,Yes
STU01433,29,Female,OBC,Yes,PG,83.77,93.62,109586,Yes
STU01434,19,Male,SC,No,Technical,62.96,79.87,303371,No
STU01435,29,Male,General,No,PG,98.49,77.29,209589,Yes
STU01436,20,Male,General,No,Professional,59.79,77.59,178419,No
STU01437,29,Male,OBC,No,PG,70.85,91.43,1450641,No
STU01438,29,Male,ST,No,UG,59.64,76.82,64183,No
STU01439,19,Female,ST,No,Technical,70.51,77.92,240395,Yes
STU01440,29,Female,EWS,No,Professional,97.73,62.89,210661,Yes
STU01441,22,Female,Minority,No,Technical,79.49,94.0,345803,No
STU01442,19,Male,General,No,Technical,78.93,85.13,326553,No
STU01443,21,Female,EWS,No,Professional,,94.43,681666,No
STU01444,20,Female,SC,No,UG,57.74,87.83,379723,No
STU01445,24,Male,General,No,PG,73.83,64.59,522734,No
STU01446,20,Male,General,No,Technical,63.06,66.48,243188,Yes
STU01447,17,Male,OBC,No,PG,45.49,82.5,56774,No
STU01448,25,Other,OBC,No,Technical,83.59,92.27,1373573,No
STU01449,29,Male,Minority,No,PG,98.38,99.0,159794,Yes
STU01450,22,Male,EWS,No,PG,78.23,76.25,424769,Yes
STU01451,27,Male,General,No,UG,56.7,93.93,372948,No
STU01452,22,Male,EWS,No,Professional,89.28,78.01,320992,Yes
STU01453,18,Male,OBC,No,UG,61.45,85.75,375615,No
STU01454,29,Male,Minority,No,UG,81.65,76.88,394110,Yes
STU01455,25,Female,General,No,Professional,79.97,71.45,462209,No
STU01456,17,Female,OBC,No,UG,71.48,85.4,234618,Yes
STU01457,28,Female,OBC,No,Technical,84.74,84.93,322398,Yes
STU01458,30,Male,Minority,No,Technical,72.22,69.64,265627,Yes
STU01459,18,Male,SC,No,Professional,78.11,84.78,122752,Yes
STU01460,23,Male,General,No,Professional,98.34,99.49,126036,Yes
STU01461,28,Female,General,No,Technical,59.94,98.25,230621,No
STU01462,23,Female,OBC,No,UG,67.54,68.0,262337,Yes
STU01463,19,Male,SC,No,UG,64.26,65.75,209800,No
STU01464,28,Female,OBC,No,Professional,70.81,97.33,421337,Yes
STU01465,22,Female,OBC,No,Technical,66.99,76.88,292818,Yes
STU01466,25,Male,ST,No,UG,89.55,77.61,823019,No
STU01467,25,Male,General,No,PG,60.43,65.48,362064,No
STU01468,25,Male,EWS,No,UG,81.31,100.0,105741,Yes
STU01469,25,Male,EWS,No,UG,80.6,84.23,659310,No
STU01470,29,Female,OBC,Yes,UG,79.09,66.38,197629,Yes
STU01471,27,Female,EWS,No,Professional,61.69,93.59,404004,No
STU01472,25,Female,General,No,Technical,81.82,79.66,304824,No
STU01473,23,Female,OBC,No,UG,70.4,70.11,165562,Yes
STU01474,18,Male,OBC,No,PG,86.64,81.76,1094336,No
STU01475,22,Male,General,Yes,Technical,79.62,63.94,168644,Yes
STU01476,20,Male,OBC,No,PG,81.28,82.98,126389,Yes
STU01477,30,Male,OBC,No,Technical,,90.92,582461,No
STU01478,24,Male,General,No,UG,74.45,88.88,371665,No
STU01479,29,Male,OBC,No,UG,85.47,88.35,95174,Yes
STU01480,24,Female,SC,No,UG,72.19,85.5,709111,No
STU01481,17,Male,General,No,UG,59.5,85.76,104111,No
STU01482,24,Male,EWS,No,UG,100.0,77.91,85842,Yes
STU01483,30,Male,SC,Yes,Professional,60.82,82.56,378160,Yes
STU01484,17,Male,ST,No,PG,71.47,85.64,762986,No
STU01485,21,Male,General,No,Technical,58.51,76.82,689937,No
STU01486,17,Female,General,No,UG,,68.61,257311,No
STU01487,29,Male,General,No,UG,62.12,87.37,271186,No
STU01488,22,Male,General,No,UG,79.59,83.21,311638,No
STU01489,23,Male,EWS,No,Technical,90.13,83.33,452795,No
STU01490,28,Male,General,No,UG,95.32,75.31,480559,No
STU01491,20,Male,SC,No,UG,78.92,68.59,587363,No
STU01492,20,Female,OBC,No,Technical,92.74,90.61,119021,Yes
STU01493,23,Male,OBC,No,PG,55.25,57.64,148739,No
STU01494,20,Female,SC,No,UG,62.66,83.33,219657,No
STU01495,21,Female,OBC,No,PG,94.25,71.42,149453,Yes
STU01496,24,Male,General,Yes,UG,82.72,77.21,941992,No
STU01497,28,Female,General,No,UG,67.94,65.99,110048,Yes
STU01498,27,Male,General,No,UG,66.48,81.26,255082,No
STU01499,26,Female,ST,No,UG,78.65,82.08,214085,Yes
STU01500,21,Female,Minority,No,UG,80.83,100.0,233388,Yes
STU01501,18,Male,ST,Yes,PG,90.4,62.51,33703,Yes
STU01502,28,Female,SC,No,Technical,72.61,75.56,380122,Yes
STU01503,24,Male,OBC,No,UG,77.98,77.24,371047,Yes
STU01504,18,Female,EWS,No,UG,72.46,80.65,125970,Yes
STU01505,17,Male,General,No,UG,83.27,69.39,129658,Yes
STU01506,20,Male,SC,No,PG,82.48,86.63,156959,Yes
STU01507,18,Male,OBC,No,PG,66.07,96.46,793782,No
STU01508,29,Male,General,No,UG,83.57,77.18,477316,No
STU01509,30,Female,General,No,UG,49.07,76.55,137463,No
STU01510,26,Female,General,No,UG,74.15,98.82,180595,Yes
STU01511,20,Male,General,No,UG,66.36,72.54,789929,No
STU01512,20,Female,General,No,Technical,53.77,86.89,387274,No
STU01513,21,Female,OBC,No,UG,60.58,74.13,40859,No
STU01514,25,Female,General,No,PG,59.62,,79930,No
STU01515,19,Male,Minority,No,Professional,67.81,83.68,128939,Yes
STU01516,21,Male,EWS,No,Technical,74.65,100.0,163887,Yes
STU01517,19,Male,General,No,PG,64.56,,667882,No
STU01518,29,Male,General,No,Professional,76.55,73.21,79921,Yes
STU01519,27,Female,OBC,No,Professional,86.0,63.27,975926,No
STU01520,17,Female,General,No,UG,62.95,65.66,544375,No
STU01521,17,Male,OBC,No,Professional,58.54,,163756,No
STU01522,22,Other,SC,No,UG,97.66,82.82,392522,Yes
STU01523,29,Male,SC,No,UG,73.6,86.69,96723,Yes
STU01524,29,Female,General,No,Technical,66.58,84.73,290256,Yes
STU01525,22,Female,ST,No,UG,65.36,79.86,491240,No
STU01526,18,Female,OBC,No,Professional,76.01,80.33,613170,No
STU01527,17,Male,OBC,No,PG,91.17,78.86,140626,Yes
STU01528,28,Female,OBC,No,UG,84.08,78.33,567059,No
STU01529,20,Female,Minority,No,UG,77.35,69.89,207170,Yes
STU01530,30,Female,General,No,Professional,70.86,84.55,367421,No
STU01531,18,Male,EWS,No,UG,62.91,79.69,94812,No
STU01532,22,Male,EWS,No,UG,60.56,88.2,142945,No
STU01533,19,Male,Minority,No,Technical,78.96,69.61,159297,Yes
STU01534,26,Female,General,No,UG,69.14,79.89,780233,No
STU01535,23,Female,SC,No,PG,77.27,72.56,164273,Yes
STU01536,18,Female,General,No,UG,84.1,69.41,280853,Yes
STU01537,22,Female,OBC,No,PG,88.18,66.73,220740,Yes
STU01538,18,Male,SC,No,Technical,67.65,92.46,251443,No
STU01539,17,Female,General,No,Technical,55.74,82.45,258624,No
STU01540,23,Male,ST,No,PG,90.65,63.75,306955,Yes
STU01541,25,Male,EWS,No,PG,58.99,74.83,1106489,No
STU01542,30,Male,ST,No,Technical,,73.05,390796,Yes
STU01543,30,Female,SC,No,PG,70.03,,228337,Yes
STU01544,19,Female,General,No,Professional,84.1,76.1,176129,Yes
STU01545,30,Female,Minority,Yes,Professional,83.19,77.7,104918,Yes
STU01546,18,Male,EWS,Yes,Technical,82.43,81.09,167861,Yes
STU01547,19,Male,General,No,PG,69.07,100.0,392588,No
STU01548,17,Female,General,Yes,Technical,71.86,80.54,74316,Yes
STU01549,30,Female,ST,No,UG,80.69,85.02,355890,Yes
STU01550,29,Male,OBC,No,Technical,66.02,94.46,288490,Yes
STU01551,30,Male,Minority,No,UG,76.94,80.92,193164,No
STU01552,30,Female,Minority,No,PG,74.47,80.96,181671,Yes
STU01553,23,Female,General,No,UG,80.5,65.11,194536,Yes
STU01554,30,Female,SC,No,UG,61.99,71.76,354754,No
STU01555,30,Male,General,No,Technical,62.62,100.0,225189,No
STU01556,19,Female,General,No,PG,77.68,74.47,243390,Yes
STU01557,29,Male,SC,No,UG,59.3,73.39,432968,No
STU01558,21,Female,General,No,UG,68.88,71.39,229367,Yes
STU01559,30,Male,OBC,No,PG,63.25,94.69,86648,No
STU01560,26,Female,ST,No,Technical,63.96,77.63,369868,No
STU01561,28,Male,Minority,No,UG,62.43,81.88,222632,No
STU01562,28,Female,OBC,No,UG,76.61,76.72,819462,No
STU01563,25,Female,SC,No,PG,71.93,85.54,565619,No
STU01564,30,Male,OBC,No,Professional,82.35,86.22,294783,Yes
STU01565,21,Female,EWS,No,PG,73.29,88.97,123069,Yes
STU01566,27,Female,OBC,No,UG,74.37,68.05,270475,Yes
STU01567,26,Female,SC,No,UG,93.89,93.5,364131,Yes
STU01568,28,Female,OBC,No,PG,88.81,100.0,660043,No
STU01569,29,Male,OBC,No,Technical,69.01,69.17,416079,Yes
STU01570,23,Female,OBC,No,Technical,72.81,75.62,1257909,No
STU01571,19,Female,OBC,No,UG,84.83,93.81,821983,No
STU01572,26,Male,SC,No,Technical,51.07,,353456,No
STU01573,26,Female,EWS,No,Technical,69.8,90.06,254978,Yes
STU01574,24,Male,OBC,No,Technical,67.79,95.9,233158,Yes
STU01575,21,Male,SC,No,PG,57.8,68.26,287478,No
STU01576,25,Male,General,No,PG,70.67,82.05,194197,Yes
STU01577,22,Female,OBC,No,UG,51.73,91.37,1500000,No
STU01578,26,Female,ST,No,Technical,100.0,84.86,116855,Yes
STU01579,21,Female,ST,No,UG,71.07,79.79,202493,Yes
STU01580,17,Male,OBC,No,Technical,72.1,86.17,265274,Yes
STU01581,21,Male,General,No,UG,54.8,94.24,201789,No
STU01582,23,Female,General,No,Professional,74.1,90.0,484626,Yes
STU01583,24,Female,SC,No,PG,,98.73,154535,Yes
STU01584,20,Female,SC,No,Technical,69.18,89.93,269702,Yes
STU01585,21,Female,ST,No,PG,82.77,79.07,287470,Yes
STU01586,21,Female,General,No,UG,84.58,70.92,674775,No
STU01587,26,Male,OBC,No,UG,39.67,95.72,144157,No
STU01588,22,Male,General,No,UG,67.03,88.45,173106,Yes
STU01589,23,Female,SC,No,PG,68.51,80.6,70509,Yes
STU01590,24,Male,OBC,No,Professional,63.45,75.32,149363,No
STU01591,27,Female,Minority,No,PG,55.12,82.85,892484,No
STU01592,28,Male,OBC,No,Professional,62.94,74.12,159704,No
STU01593,17,Male,OBC,No,UG,51.74,77.3,308968,No
STU01594,29,Female,General,No,PG,75.54,89.9,147157,Yes
STU01595,25,Male,General,No,UG,78.04,73.76,324324,No
STU01596,19,Male,OBC,No,UG,82.1,76.84,113703,Yes
STU01597,17,Female,Minority,No,PG,68.31,95.16,166257,Yes
STU01598,27,Male,OBC,No,Professional,61.88,81.74,345032,No
STU01599,27,Female,General,No,Technical,86.65,98.88,184482,Yes
STU01600,30,Female,OBC,No,PG,69.82,,202290,Yes
STU01601,22,Female,OBC,No,Technical,75.79,73.76,759557,No
STU01602,28,Male,General,No,Professional,84.4,89.57,392065,No
STU01603,24,Male,Minority,No,Professional,61.3,82.88,243181,No
STU01604,21,Male,General,No,Technical,73.59,85.77,272074,Yes
STU01605,27,Female,ST,No,Technical,84.3,93.09,100339,Yes
STU01606,20,Male,OBC,No,Technical,73.84,95.1,356526,Yes
STU01607,18,Male,OBC,No,UG,69.96,100.0,94662,Yes
STU01608,27,Female,General,No,UG,85.29,94.79,204150,Yes
STU01609,30,Female,OBC,No,PG,62.2,71.95,622549,No
STU01610,19,Male,OBC,No,UG,61.28,72.01,347704,No
STU01611,24,Female,OBC,No,UG,75.33,91.24,219844,Yes
STU01612,26,Male,SC,No,UG,60.85,71.76,314940,No
STU01613,17,Male,EWS,No,Professional,71.0,69.01,237094,Yes
STU01614,27,Female,SC,No,UG,64.8,76.91,346148,No
STU01615,22,Female,OBC,No,UG,67.69,77.41,208934,Yes
STU01616,24,Male,General,No,Technical,80.34,84.58,304911,No
STU01617,22,Female,OBC,No,PG,77.25,83.07,310069,Yes
STU01618,18,Female,General,No,UG,67.78,68.87,1329881,Yes
STU01619,29,Male,EWS,No,Technical,69.29,90.05,856549,No
STU01620,30,Female,OBC,No,Technical,71.75,64.12,132439,Yes
STU01621,20,Male,General,No,Technical,72.29,89.71,123158,Yes
STU01622,27,Male,SC,No,Professional,68.89,71.91,496313,No
STU01623,29,Male,Minority,No,UG,68.06,86.73,1500000,No
STU01624,21,Male,OBC,No,UG,91.39,69.2,767524,Yes
STU01625,18,Female,OBC,Yes,Professional,70.84,82.14,977565,No
STU01626,20,Female,General,No,PG,73.24,52.62,92267,No
STU01627,25,Female,General,No,Professional,54.65,79.89,370722,No
STU01628,18,Male,OBC,No,Technical,63.81,82.4,492418,No
STU01629,26,Female,ST,No,UG,92.98,78.46,914273,No
STU01630,18,Female,OBC,No,PG,93.91,100.0,118603,Yes
STU01631,18,Male,SC,No,Technical,69.47,82.43,334051,Yes
STU01632,29,Male,General,No,UG,54.34,74.31,152541,No
STU01633,30,Male,General,No,UG,82.74,87.85,641440,No
STU01634,30,Female,OBC,No,UG,62.02,96.79,539502,No
STU01635,30,Female,ST,No,Professional,86.96,74.95,189795,Yes
STU01636,20,Male,OBC,No,UG,70.12,66.4,280274,Yes
STU01637,29,Female,SC,No,Technical,66.1,86.11,327628,Yes
STU01638,18,Female,General,No,UG,69.53,,300699,No
STU01639,23,Female,EWS,No,UG,83.64,84.73,481407,No
STU01640,24,Female,General,No,Technical,68.26,85.76,295933,Yes
STU01641,29,Female,EWS,No,UG,59.57,73.69,251835,No
STU01642,30,Female,EWS,Yes,UG,56.46,,335083,Yes
STU01643,25,Male,Minority,No,UG,70.24,100.0,52322,No
STU01644,17,Female,SC,No,PG,68.37,70.54,233716,Yes
STU01645,21,Male,ST,No,Technical,72.72,79.58,345298,No
STU01646,23,Female,EWS,No,UG,67.57,87.44,1306762,No
STU01647,28,Male,General,No,PG,71.96,73.06,205883,Yes
STU01648,18,Female,OBC,No,PG,67.47,80.81,882812,No
STU01649,29,Female,General,No,Technical,85.55,86.76,259408,Yes
STU01650,27,Male,OBC,No,PG,68.53,65.7,160430,Yes
STU01651,29,Male,OBC,No,UG,78.15,86.75,295137,Yes
STU01652,21,Female,Minority,No,UG,74.31,75.24,338890,Yes
STU01653,21,Male,Minority,No,PG,62.73,89.81,1500000,No
STU01654,20,Male,General,No,UG,55.25,71.52,609785,No
STU01655,28,Female,General,No,PG,79.24,71.8,592724,No
STU01656,20,Female,Minority,No,Professional,71.54,85.03,38644,Yes
STU01657,18,Female,OBC,No,UG,88.85,81.09,140434,Yes
STU01658,28,Female,SC,No,UG,67.28,93.39,536353,No
STU01659,24,Female,General,No,Professional,79.81,65.18,310807,No
STU01660,22,Male,General,No,Technical,60.73,90.21,97236,No
STU01661,21,Female,General,Yes,PG,67.66,87.79,372070,Yes
STU01662,27,Female,General,No,UG,63.63,75.62,107257,No
STU01663,26,Male,SC,No,Technical,69.16,75.47,620358,No
STU01664,22,Male,General,No,Technical,72.34,87.61,716593,No
STU01665,20,Female,General,No,PG,65.54,82.57,357304,No
STU01666,22,Male,OBC,No,UG,71.89,91.57,152198,Yes
STU01667,21,Female,General,No,PG,79.48,70.12,149832,Yes
STU01668,29,Female,General,No,Technical,57.69,98.64,77697,No
STU01669,19,Male,General,No,UG,71.38,76.78,134270,Yes
STU01670,24,Female,OBC,No,Professional,64.5,88.34,164981,No
STU01671,26,Female,SC,No,Professional,64.53,94.59,649277,No
STU01672,17,Male,General,No,PG,79.15,78.93,378653,No
STU01673,26,Male,General,Yes,UG,72.77,,226977,Yes
STU01674,21,Male,General,No,UG,81.61,68.09,362773,No
STU01675,17,Male,ST,No,UG,69.19,89.71,347756,Yes
STU01676,19,Female,EWS,No,UG,72.27,87.0,193222,Yes
STU01677,25,Female,ST,No,UG,64.67,72.36,78582,No
STU01678,29,Female,OBC,No,PG,75.57,87.22,312369,Yes
STU01679,21,Female,OBC,No,PG,71.23,97.9,59236,Yes
STU01680,18,Male,Minority,No,Technical,67.84,98.04,108326,Yes
STU01681,20,Male,SC,No,PG,82.24,88.93,85301,Yes
STU01682,17,Female,OBC,No,UG,54.08,86.39,269545,No
STU01683,25,Female,General,No,Professional,60.1,72.97,252843,No
STU01684,25,Female,General,No,PG,58.29,75.12,447126,No
STU01685,22,Female,General,No,PG,72.11,91.68,551303,No
STU01686,25,Female,General,No,UG,70.65,90.16,105177,Yes
STU01687,29,Female,SC,No,PG,74.29,90.55,256580,Yes
STU01688,19,Male,General,No,PG,70.65,84.16,194901,Yes
STU01689,21,Female,SC,No,UG,72.3,67.52,152346,Yes
STU01690,30,Female,OBC,No,PG,87.34,77.21,393558,Yes
STU01691,27,Female,General,No,UG,70.25,75.98,358061,No
STU01692,29,Female,Minority,No,PG,70.58,86.28,411341,Yes
STU01693,21,Female,OBC,No,UG,64.15,82.43,311674,No
STU01694,23,Female,OBC,No,PG,94.72,81.38,388597,Yes
STU01695,28,Male,General,No,PG,60.32,94.74,135258,No
STU01696,22,Female,Minority,No,Technical,72.57,100.0,336471,Yes
STU01697,24,Male,ST,No,UG,64.45,91.13,406517,No
STU01698,19,Female,OBC,No,UG,54.1,76.99,466265,No
STU01699,30,Female,Minority,No,PG,65.06,85.34,480388,No
STU01700,25,Female,EWS,No,UG,58.38,90.07,528082,No
STU01701,28,Other,EWS,No,Technical,62.43,59.89,621640,No
STU01702,21,Male,SC,No,UG,73.8,82.18,679755,No
STU01703,26,Male,EWS,No,PG,80.51,73.91,127735,Yes
STU01704,27,Female,ST,No,UG,74.48,66.31,246859,Yes
STU01705,27,Female,SC,No,UG,83.79,87.05,263750,Yes
STU01706,18,Male,OBC,No,UG,77.56,78.16,192470,Yes
STU01707,29,Female,EWS,No,PG,55.57,100.0,730990,No
STU01708,26,Female,Minority,No,Technical,78.53,79.98,373613,Yes
STU01709,23,Male,General,No,PG,72.38,100.0,472830,No
STU01710,30,Female,General,Yes,UG,81.87,100.0,864017,No
STU01711,17,Female,General,No,UG,75.24,73.01,450374,No
STU01712,30,Male,Minority,No,Technical,66.84,76.74,112988,No
STU01713,18,Male,OBC,No,UG,62.16,88.62,203686,No
STU01714,29,Male,EWS,No,UG,70.78,86.28,170850,Yes
STU01715,18,Male,EWS,No,PG,78.78,66.29,171047,Yes
STU01716,17,Female,OBC,No,Technical,72.79,84.5,147976,Yes
STU01717,29,Male,SC,No,PG,77.21,84.53,119232,Yes
STU01718,17,Female,General,No,UG,76.58,98.88,212292,Yes
STU01719,20,Male,General,Yes,Professional,58.78,83.26,65099,Yes
STU01720,29,Male,General,No,PG,64.95,82.46,129111,No
STU01721,24,Female,OBC,No,Technical,50.88,74.81,516123,No
STU01722,17,Male,SC,No,UG,67.59,66.83,130992,Yes
STU01723,29,Female,ST,No,UG,59.65,96.16,413965,No
STU01724,29,Male,Minority,No,PG,75.94,64.34,205997,Yes
STU01725,17,Female,ST,No,UG,81.89,89.26,148892,Yes
STU01726,21,Female,SC,No,Technical,65.02,72.46,354434,Yes
STU01727,27,Female,ST,No,PG,68.26,73.91,137980,Yes
STU01728,20,Male,OBC,No,Technical,77.67,79.46,79050,Yes
STU01729,23,Female,EWS,No,PG,63.39,90.31,666807,No
STU01730,20,Male,General,No,Professional,79.81,98.76,264314,No
STU01731,25,Female,OBC,No,PG,43.25,77.6,328014,No
STU01732,22,Male,OBC,No,Technical,64.69,69.66,857028,No
STU01733,18,Male,OBC,No,PG,73.17,85.78,334304,Yes
STU01734,28,Female,SC,No,Technical,51.32,95.04,198429,No
STU01735,21,Female,OBC,No,Professional,86.56,76.99,57879,Yes
STU01736,20,Male,ST,No,PG,65.71,74.32,152685,Yes
STU01737,30,Female,OBC,No,UG,70.45,74.53,53274,Yes
STU01738,25,Male,General,No,PG,70.43,75.25,138173,Yes
STU01739,23,Male,SC,No,Professional,71.08,66.09,259592,Yes
STU01740,21,Male,General,No,PG,67.58,77.05,218150,Yes
STU01741,28,Male,SC,No,PG,57.63,97.92,209465,No
STU01742,29,Female,OBC,No,PG,76.35,66.93,122950,Yes
STU01743,17,Male,General,No,Professional,74.92,86.72,169112,Yes
STU01744,28,Male,General,No,PG,69.64,79.03,331258,Yes
STU01745,29,Female,EWS,No,Professional,63.93,85.3,83671,No
STU01746,24,Male,OBC,No,Technical,63.99,94.8,168940,No
STU01747,18,Female,SC,No,PG,64.42,81.21,234856,No
STU01748,21,Male,OBC,No,UG,70.63,98.22,147160,Yes
STU01749,18,Female,OBC,No,Technical,72.34,81.07,149802,Yes
STU01750,24,Female,Minority,No,Professional,,98.33,477412,No
STU01751,17,Male,OBC,No,Professional,91.22,70.48,154388,Yes
STU01752,26,Male,OBC,No,PG,100.0,91.48,175631,Yes
STU01753,29,Female,EWS,No,UG,54.16,86.63,472362,No
STU01754,17,Female,OBC,Yes,PG,76.8,88.65,489358,No
STU01755,18,Female,SC,No,UG,87.9,67.27,193047,Yes
STU01756,30,Female,SC,Yes,Professional,69.32,94.05,139066,Yes
STU01757,29,Other,SC,No,Professional,80.54,79.02,175028,Yes
STU01758,18,Male,General,No,UG,58.24,82.89,234496,No
STU01759,26,Male,General,No,Technical,77.3,81.56,286210,No
STU01760,18,Female,General,No,UG,69.87,89.99,559292,No
STU01761,25,Female,OBC,No,PG,92.52,86.6,158949,Yes
STU01762,28,Female,EWS,No,Technical,61.34,74.81,94269,No
STU01763,27,Male,General,No,UG,90.76,80.86,497787,No
STU01764,19,Female,OBC,No,Technical,77.28,79.0,545737,No
STU01765,25,Male,General,No,Professional,62.75,89.65,236676,No
STU01766,26,Male,ST,No,PG,61.92,76.63,331841,No
STU01767,26,Other,OBC,No,UG,75.79,79.14,288104,Yes
STU01768,27,Female,OBC,No,PG,94.75,82.06,267350,Yes
STU01769,26,Female,OBC,No,Professional,93.03,82.34,569329,No
STU01770,26,Female,OBC,No,UG,53.35,88.41,329818,No
STU01771,17,Female,General,No,Technical,73.59,89.82,272173,Yes
STU01772,26,Female,ST,No,UG,84.14,73.32,122745,Yes
STU01773,29,Female,OBC,No,PG,73.48,92.91,244596,Yes
STU01774,25,Male,General,No,PG,69.16,88.3,391400,No
STU01775,23,Female,General,No,UG,65.01,,175351,Yes
STU01776,21,Male,OBC,No,UG,88.84,65.6,175714,Yes
STU01777,20,Male,OBC,No,UG,71.82,84.33,166173,Yes
STU01778,22,Male,OBC,No,UG,88.63,80.37,245337,Yes
STU01779,29,Male,SC,No,Technical,75.61,100.0,50619,Yes
STU01780,27,Male,SC,No,UG,81.12,66.87,238881,Yes
STU01781,27,Female,Minority,No,Professional,70.76,82.28,353528,Yes
STU01782,22,Male,General,No,Professional,73.3,84.1,103454,Yes
STU01783,29,Other,General,No,Technical,79.87,94.34,600934,No
STU01784,18,Male,Minority,No,Professional,91.29,80.74,220323,Yes
STU01785,21,Female,OBC,No,PG,74.06,94.26,1337728,No
STU01786,28,Male,ST,No,UG,78.36,78.51,1354108,No
STU01787,29,Female,General,No,Professional,74.13,81.38,148102,Yes
STU01788,30,Female,EWS,No,UG,76.39,100.0,308014,Yes
STU01789,30,Female,General,No,PG,93.16,65.12,719596,No
STU01790,22,Female,ST,No,PG,72.35,77.37,170391,Yes
STU01791,20,Female,EWS,Yes,UG,68.9,61.31,280270,Yes
STU01792,21,Female,SC,No,UG,64.91,86.1,315468,No
STU01793,23,Female,OBC,No,Technical,62.99,92.4,112946,No
STU01794,28,Male,SC,No,Technical,72.42,94.59,272276,Yes
STU01795,17,Male,SC,No,Technical,53.33,77.42,262609,No
STU01796,18,Male,OBC,No,UG,78.39,69.71,499868,No
STU01797,29,Male,General,No,UG,94.44,77.67,605193,No
STU01798,25,Female,General,No,UG,76.48,67.97,471348,No
STU01799,24,Male,OBC,No,Professional,80.54,77.69,200383,Yes
STU01800,25,Female,EWS,No,UG,70.39,96.84,114148,Yes
STU01801,20,Female,OBC,No,UG,88.87,75.9,267425,Yes
STU01802,23,Male,Minority,No,Technical,82.92,79.43,224961,Yes
STU01803,26,Male,OBC,Yes,Technical,66.19,81.56,667050,No
STU01804,27,Female,OBC,Yes,Technical,96.37,90.17,246461,Yes
STU01805,29,Female,OBC,No,Professional,67.63,79.29,769241,No
STU01806,20,Other,Minority,No,UG,74.21,86.22,500833,No
STU01807,21,Male,General,No,PG,76.29,83.3,512074,No
STU01808,30,Female,General,No,PG,89.91,82.53,282041,Yes
STU01809,29,Male,General,No,UG,64.14,97.38,84462,No
STU01810,20,Male,General,No,UG,78.87,97.23,347378,No
STU01811,27,Male,General,No,UG,59.28,77.31,414565,No
STU01812,18,Female,OBC,Yes,Professional,60.15,75.26,206586,Yes
STU01813,26,Male,OBC,No,UG,56.01,75.48,354656,No
STU01814,25,Male,OBC,No,UG,89.04,65.82,619039,No
STU01815,28,Female,OBC,No,Technical,70.29,84.52,178401,Yes
STU01816,25,Male,General,No,UG,64.51,65.95,137327,No
STU01817,25,Male,General,No,UG,57.62,81.4,372490,No
STU01818,26,Female,EWS,No,PG,92.09,81.48,469512,No
STU01819,28,Female,EWS,No,PG,57.0,78.91,173330,No
STU01820,29,Male,EWS,No,UG,71.7,76.52,1500000,Yes
STU01821,21,Female,OBC,Yes,UG,75.26,84.93,106440,Yes
STU01822,19,Male,General,No,Professional,79.85,82.09,163802,Yes
STU01823,30,Female,ST,No,UG,74.47,86.78,276947,Yes
STU01824,25,Male,Minority,No,PG,91.78,86.03,400031,Yes
STU01825,29,Female,OBC,Yes,UG,81.86,92.53,95532,Yes
STU01826,28,Female,SC,No,PG,91.51,78.19,802659,No
STU01827,18,Male,SC,No,PG,75.02,82.96,246593,Yes
STU01828,21,Male,ST,No,PG,87.1,66.39,322426,Yes
STU01829,27,Male,OBC,No,PG,63.62,89.48,497662,No
STU01830,30,Male,General,No,Technical,57.49,75.09,381114,No
STU01831,30,Female,General,No,UG,70.75,80.45,688584,No
STU01832,30,Female,SC,No,UG,71.39,82.27,518625,Yes
STU01833,24,Female,ST,No,PG,67.5,100.0,82943,Yes
STU01834,17,Male,OBC,No,UG,59.87,80.93,112007,No
STU01835,18,Male,OBC,No,PG,88.42,83.99,176310,Yes
STU01836,30,Female,Minority,No,UG,86.01,73.29,252153,Yes
STU01837,23,Female,General,Yes,PG,64.83,83.54,381065,Yes
STU01838,24,Female,Minority,No,PG,63.78,75.43,108186,No
STU01839,29,Male,ST,No,Technical,83.89,77.77,548217,No
STU01840,17,Male,Minority,No,Technical,70.87,76.38,561087,No
STU01841,18,Female,ST,No,UG,63.3,72.8,453206,No
STU01842,30,Female,EWS,No,PG,65.13,88.82,105074,Yes
STU01843,28,Female,OBC,No,PG,74.0,95.98,258072,Yes
STU01844,22,Male,General,No,UG,78.03,61.3,123349,Yes
STU01845,28,Male,SC,No,UG,,87.97,111363,Yes
STU01846,26,Female,General,No,PG,59.51,75.98,488044,No
STU01847,19,Male,EWS,No,PG,82.05,84.52,189848,Yes
STU01848,18,Female,Minority,No,Professional,82.87,80.88,815359,No
STU01849,18,Male,OBC,No,UG,74.9,,335046,Yes
STU01850,30,Male,General,No,UG,70.24,87.19,194465,Yes
STU01851,27,Male,General,No,Technical,77.22,81.29,377517,Yes
STU01852,24,Male,OBC,No,UG,67.99,84.38,121669,Yes
STU01853,19,Female,ST,No,PG,71.93,93.06,174460,Yes
STU01854,29,Male,OBC,No,PG,67.75,89.12,185943,Yes
STU01855,29,Female,OBC,No,UG,74.13,86.29,316779,Yes
STU01856,17,Male,EWS,No,Technical,48.72,67.24,112416,Yes
STU01857,23,Male,OBC,No,UG,74.83,83.61,254081,Yes
STU01858,29,Female,ST,No,UG,61.01,80.1,495912,No
STU01859,30,Male,Minority,No,Technical,68.38,89.01,375295,Yes
STU01860,24,Male,ST,No,UG,57.34,79.7,318552,No
STU01861,20,Female,Minority,Yes,PG,62.74,79.43,165872,Yes
STU01862,23,Male,General,No,PG,93.97,66.98,218149,Yes
STU01863,20,Female,General,No,UG,82.97,94.4,285043,Yes
STU01864,22,Male,SC,No,Technical,52.85,80.11,388435,No
STU01865,17,Male,SC,No,PG,70.34,80.15,706447,No
STU01866,30,Female,General,No,Technical,92.95,79.17,184809,Yes
STU01867,21,Female,Minority,No,PG,79.06,84.42,104064,Yes
STU01868,23,Male,EWS,No,UG,69.77,80.45,48863,Yes
STU01869,23,Male,EWS,No,PG,82.91,82.5,538717,No
STU01870,30,Male,EWS,No,Technical,71.16,88.08,472886,No
STU01871,24,Female,General,No,Professional,81.04,71.07,243380,No
STU01872,23,Male,OBC,No,Technical,63.96,88.44,343783,No
STU01873,17,Male,Minority,No,Professional,71.3,80.12,652509,No
STU01874,26,Female,EWS,No,UG,56.55,72.32,493810,Yes
STU01875,29,Male,General,Yes,Professional,67.96,84.65,105763,Yes
STU01876,28,Female,Minority,No,Technical,81.34,71.67,138498,Yes
STU01877,18,Male,General,No,PG,75.12,73.49,63701,Yes
STU01878,28,Female,General,No,Technical,71.7,89.41,287772,Yes
STU01879,26,Female,General,No,UG,60.48,94.19,346065,No
STU01880,26,Female,General,No,PG,64.96,76.34,124865,No
STU01881,23,Male,SC,No,Professional,63.47,78.98,185352,No
STU01882,21,Male,General,No,Technical,65.84,85.07,293180,No
STU01883,21,Female,OBC,No,PG,52.36,79.07,426782,No
STU01884,27,Male,OBC,No,PG,87.44,86.9,310102,Yes
STU01885,17,Male,ST,No,Technical,82.99,76.63,171338,Yes
STU01886,20,Male,EWS,No,PG,72.2,76.15,282970,Yes
STU01887,17,Male,OBC,No,UG,75.74,77.75,665847,No
STU01888,22,Male,General,No,Technical,73.33,95.96,241368,Yes
STU01889,26,Female,EWS,No,UG,62.89,85.94,236293,No
STU01890,21,Female,ST,No,UG,51.84,87.26,1262514,No
STU01891,29,Female,OBC,No,Professional,67.68,99.06,410847,Yes
STU01892,29,Male,OBC,No,UG,64.81,74.83,202363,No
STU01893,27,Male,General,No,UG,61.12,88.44,226968,Yes
STU01894,29,Male,SC,No,Technical,95.57,86.7,498360,No
STU01895,25,Male,SC,No,PG,64.28,56.93,1253342,No
STU01896,22,Male,OBC,No,Technical,67.47,93.56,88748,Yes
STU01897,27,Male,Minority,No,UG,78.57,69.37,447815,Yes
STU01898,29,Male,General,No,Professional,64.48,78.85,257978,No
STU01899,20,Male,General,No,UG,62.8,70.12,157463,No
STU01900,24,Female,OBC,No,PG,58.29,88.07,795078,No
STU01901,26,Male,SC,Yes,Professional,82.02,88.83,74806,Yes
STU01902,24,Female,OBC,No,PG,62.11,84.73,156099,No
STU01903,25,Male,ST,No,UG,66.45,72.64,736678,No
STU01904,17,Female,ST,No,Professional,65.11,75.54,189114,Yes
STU01905,29,Male,General,No,PG,57.2,85.22,430976,No
STU01906,23,Male,General,No,Technical,64.07,82.35,420386,No
STU01907,26,Female,General,No,Technical,67.32,85.32,124166,Yes
STU01908,27,Male,EWS,No,UG,75.15,78.23,141684,Yes
STU01909,23,Male,OBC,No,UG,73.28,82.38,163132,Yes
STU01910,29,Male,SC,No,UG,93.35,76.79,343766,Yes
STU01911,20,Male,OBC,No,UG,80.54,74.37,310930,Yes
STU01912,18,Male,General,No,UG,82.75,84.46,323118,No
STU01913,22,Female,General,No,Professional,68.76,76.19,437666,No
STU01914,27,Female,Minority,No,PG,66.95,97.88,215150,Yes
STU01915,23,Male,SC,No,UG,91.06,86.42,67433,Yes
STU01916,29,Female,SC,Yes,UG,70.28,63.74,165792,Yes
STU01917,29,Male,OBC,No,Technical,56.45,83.36,275207,No
STU01918,28,Female,ST,No,PG,59.19,88.15,105086,No
STU01919,23,Male,OBC,No,PG,73.61,97.91,348413,Yes
STU01920,17,Male,OBC,No,UG,63.64,78.13,251645,No
STU01921,18,Female,OBC,No,PG,68.44,88.72,288241,Yes
STU01922,25,Female,OBC,No,UG,70.25,81.22,380369,Yes
STU01923,28,Male,SC,No,PG,67.72,68.61,264933,Yes
STU01924,20,Female,OBC,No,UG,67.23,65.99,677140,No
STU01925,28,Male,OBC,No,UG,100.0,78.72,1204395,No
STU01926,25,Female,OBC,No,Technical,59.9,88.82,309871,No
STU01927,28,Female,General,No,UG,81.56,87.28,403560,No
STU01928,26,Female,General,No,Professional,73.47,89.72,66474,Yes
STU01929,23,Female,General,No,UG,72.89,79.04,313962,No
STU01930,20,Female,SC,No,Technical,65.65,64.22,298449,Yes
STU01931,24,Female,OBC,No,UG,71.16,84.85,459298,No
STU01932,17,Male,Minority,No,Professional,74.87,59.25,173426,No
STU01933,19,Female,SC,No,UG,59.66,87.52,181326,No
STU01934,26,Male,OBC,No,UG,66.49,97.02,421210,Yes
STU01935,18,Male,General,No,Technical,76.13,86.98,168990,Yes
STU01936,28,Female,General,No,PG,85.29,74.67,191503,Yes
STU01937,18,Female,SC,Yes,Technical,83.7,82.4,380480,Yes
STU01938,17,Female,Minority,Yes,UG,64.04,83.7,431488,No
STU01939,30,Female,SC,No,PG,80.37,84.51,262333,Yes
STU01940,23,Male,General,No,PG,83.81,85.64,344198,No
STU01941,17,Female,General,No,PG,74.15,83.52,78077,Yes
STU01942,20,Male,General,No,UG,68.26,86.31,210368,Yes
STU01943,20,Male,General,No,PG,94.29,82.66,65481,Yes
STU01944,21,Female,General,No,UG,55.55,69.92,191675,No
STU01945,18,Female,General,No,Technical,69.2,69.49,158015,Yes
STU01946,23,Female,SC,No,Technical,79.26,86.3,117343,Yes
STU01947,20,Male,SC,No,PG,79.51,92.9,227213,Yes
STU01948,26,Male,General,No,Professional,66.9,72.66,324370,No
STU01949,30,Male,OBC,No,PG,77.11,79.61,207447,Yes
STU01950,29,Male,General,No,PG,63.98,71.42,174708,No
STU01951,27,Male,Minority,No,UG,66.32,86.08,74160,Yes
STU01952,26,Female,ST,No,PG,74.45,78.79,74892,Yes
STU01953,27,Female,General,No,UG,61.18,69.47,125204,No
STU01954,24,Male,OBC,No,PG,72.11,82.75,177834,Yes
STU01955,23,Female,OBC,No,Technical,62.59,78.16,417450,No
STU01956,23,Female,EWS,No,Professional,84.96,80.35,270341,Yes
STU01957,24,Female,SC,No,UG,66.45,86.78,272949,Yes
STU01958,28,Male,ST,No,Technical,63.35,80.6,207222,No
STU01959,24,Female,OBC,No,PG,73.31,82.34,284094,Yes
STU01960,30,Female,SC,No,Technical,66.74,63.96,63734,Yes
STU01961,19,Male,OBC,No,UG,52.67,97.29,468870,No
STU01962,30,Male,OBC,Yes,UG,73.92,91.28,308579,Yes
STU01963,29,Male,General,No,Professional,61.12,90.64,103800,Yes
STU01964,25,Female,General,No,Technical,69.11,81.15,88151,Yes
STU01965,19,Female,EWS,No,PG,93.57,56.67,86991,No
STU01966,18,Male,OBC,No,UG,72.67,91.93,407928,Yes
STU01967,19,Male,SC,No,Professional,35.0,85.57,157183,No
STU01968,21,Male,SC,No,UG,70.46,93.93,265498,Yes
STU01969,28,Male,Minority,No,PG,58.02,81.36,67702,No
STU01970,30,Male,OBC,No,PG,45.35,88.52,290784,No
STU01971,19,Male,SC,No,PG,75.37,87.78,218738,Yes
STU01972,17,Female,General,No,UG,69.59,81.15,165447,Yes
STU01973,29,Female,OBC,No,PG,77.01,88.05,179074,No
STU01974,20,Female,General,No,Professional,76.64,88.68,313460,No
STU01975,29,Male,EWS,No,PG,70.59,89.27,358472,Yes
STU01976,26,Female,General,Yes,Professional,90.87,63.55,131699,Yes
STU01977,27,Male,OBC,No,UG,74.63,79.3,57016,No
STU01978,24,Male,OBC,No,UG,48.36,81.56,1041270,No
STU01979,20,Male,General,No,Technical,44.02,83.84,120459,No
STU01980,21,Female,EWS,No,UG,72.21,93.66,219039,Yes
STU01981,25,Male,OBC,No,UG,61.63,63.23,309019,No
STU01982,23,Male,Minority,No,Professional,72.23,82.76,281477,Yes
STU01983,30,Female,General,No,UG,61.67,78.57,376774,No
STU01984,24,Male,OBC,No,UG,58.07,83.03,598267,No
STU01985,22,Female,SC,No,PG,61.29,86.38,246159,No
STU01986,30,Male,General,No,UG,83.42,91.22,190830,Yes
STU01987,18,Male,General,No,Technical,74.76,89.32,696676,No
STU01988,23,Female,Minority,No,Technical,63.79,63.36,1328248,No
STU01989,18,Male,OBC,No,UG,76.17,81.43,395968,Yes
STU01990,18,Male,ST,No,PG,73.22,82.1,275825,Yes
STU01991,22,Female,OBC,No,PG,51.91,79.45,154154,No
STU01992,20,Male,ST,No,Professional,69.22,77.9,534758,No
STU01993,25,Male,SC,No,Professional,79.12,90.74,152698,Yes
STU01994,28,Male,OBC,No,Technical,74.85,69.12,756705,No
STU01995,17,Male,General,No,PG,75.41,87.24,463417,No
STU01996,29,Male,ST,No,PG,75.97,80.45,295410,Yes
STU01997,22,Female,OBC,No,UG,76.2,77.66,537073,No
STU01998,19,Female,OBC,Yes,UG,55.53,59.13,202112,Yes
STU01999,23,Female,OBC,No,Technical,69.27,83.31,120077,Yes
STU02000,17,Female,ST,No,Technical,63.87,82.6,198129,Yes
