age,disability,marks,attendance,income,gender_Female,gender_Male,gender_Other,category_EWS,category_General,category_Minority,category_OBC,category_SC,category_ST,education_PG,education_Professional,education_Technical,education_UG,eligible
29,0,74.13,81.38,148102,True,False,False,False,True,False,False,False,False,False,True,False,False,1
25,0,68.83,75.3,268299,False,True,False,False,False,False,False,True,False,False,False,True,False,1
17,0,55.74,82.45,258624,True,False,False,False,True,False,False,False,False,False,False,True,False,0
18,0,64.42,81.21,234856,True,False,False,False,False,False,False,True,False,True,False,False,False,0
28,0,70.81,97.33,421337,True,False,False,False,False,False,True,False,False,False,True,False,False,1
24,0,60.96,77.88,153845,True,False,False,False,False,True,False,False,False,False,False,True,False,0
20,0,70.96,84.59,136429,False,True,False,False,True,False,False,False,False,False,False,True,False,1
23,0,54.3,97.04,139845,True,False,False,False,False,False,True,False,False,False,False,True,False,0
27,0,81.18,99.87,161060,False,True,False,True,False,False,False,False,False,False,False,True,False,0
29,0,93.35,76.79,343766,False,True,False,False,False,False,False,True,False,False,False,False,True,1
27,0,75.15,78.23,141684,False,True,False,True,False,False,False,False,False,False,False,False,True,1
19,0,49.0,82.12,665816,False,True,False,False,False,False,True,False,False,False,False,False,True,0
25,0,74.69,56.31,361175,True,False,False,True,False,False,False,False,False,True,False,False,False,0
17,0,79.11,78.42,367414,True,False,False,True,False,False,False,False,False,False,False,False,True,1
23,0,64.74,97.77,527902,True,False,False,False,True,False,False,False,False,False,False,False,True,0
26,0,79.36,84.84,147058,True,False,False,False,False,False,True,False,False,False,False,True,False,1
24,0,86.19,61.26,240388,False,True,False,False,False,False,True,False,False,False,False,False,True,1
18,1,83.7,82.4,380480,True,False,False,False,False,False,False,True,False,False,False,True,False,1
24,0,64.05,94.21,201996,False,True,False,True,False,False,False,False,False,True,False,False,False,0
26,0,51.07,82.42,353456,False,True,False,False,False,False,False,True,False,False,False,True,False,0
30,0,70.86,84.55,367421,True,False,False,False,True,False,False,False,False,False,True,False,False,0
20,0,74.36,74.95,33427,False,True,False,False,True,False,False,False,False,True,False,False,False,1
17,0,72.09,76.4,171229,True,False,False,False,True,False,False,False,False,False,False,True,False,1
20,0,82.97,94.4,285043,True,False,False,False,True,False,False,False,False,False,False,False,True,1
27,0,64.15,72.17,212245,True,False,False,False,False,False,True,False,False,True,False,False,False,0
23,0,83.81,85.64,344198,False,True,False,False,True,False,False,False,False,True,False,False,False,0
23,0,69.13,71.41,185819,True,False,False,False,False,False,False,True,False,False,False,False,True,1
17,0,71.07,93.38,175823,True,False,False,False,False,False,True,False,False,False,False,False,True,1
22,0,65.36,79.86,491240,True,False,False,False,False,False,False,False,True,False,False,False,True,0
20,0,55.5,83.45,1072591,False,True,False,False,True,False,False,False,False,False,False,True,False,0
22,0,62.71,77.76,238818,True,False,False,False,False,False,False,False,True,False,False,True,False,0
21,0,57.8,68.26,287478,False,True,False,False,False,False,False,True,False,True,False,False,False,0
17,0,54.5,87.23,270771,False,True,False,False,True,False,False,False,False,False,False,False,True,0
17,0,100.0,91.94,171249,False,True,False,False,False,True,False,False,False,False,False,False,True,1
26,0,64.53,94.59,649277,True,False,False,False,False,False,False,True,False,False,True,False,False,0
28,0,55.38,71.07,682099,False,True,False,False,False,False,True,False,False,False,False,False,True,0
27,0,79.84,87.65,193131,False,True,False,False,False,True,False,False,False,True,False,False,False,1
24,0,73.51,80.41,267024,False,True,False,False,False,True,False,False,False,False,False,False,True,1
17,0,80.35,72.29,216767,True,False,False,False,False,True,False,False,False,False,False,False,True,1
25,0,59.94,82.42,884206,True,False,False,False,False,True,False,False,False,False,False,False,True,0
20,0,82.48,86.63,156959,False,True,False,False,False,False,False,True,False,True,False,False,False,1
29,0,69.29,90.05,856549,False,True,False,True,False,False,False,False,False,False,False,True,False,0
18,0,49.16,96.6,306128,True,False,False,False,False,True,False,False,False,False,True,False,False,0
19,0,58.03,83.18,291427,True,False,False,False,True,False,False,False,False,False,False,False,True,0
21,0,59.85,67.89,244763,True,False,False,False,False,False,False,True,False,False,True,False,False,0
28,0,77.01,85.91,411593,False,True,False,False,True,False,False,False,False,False,False,False,True,0
22,0,72.11,91.68,551303,True,False,False,False,True,False,False,False,False,True,False,False,False,0
24,1,74.22,76.77,512756,True,False,False,False,False,False,True,False,False,False,False,False,True,0
19,0,51.66,89.26,187956,True,False,False,True,False,False,False,False,False,False,False,False,True,0
19,1,55.53,59.13,202112,True,False,False,False,False,False,True,False,False,False,False,False,True,1
19,0,77.84,82.48,143735,False,True,False,False,True,False,False,False,False,False,False,False,True,1
25,0,85.46,73.11,159111,True,False,False,False,False,False,True,False,False,False,False,True,False,1
21,1,69.31,81.5,223132,True,False,False,False,True,False,False,False,False,False,False,False,True,1
30,0,71.16,88.08,472886,False,True,False,True,False,False,False,False,False,False,False,True,False,0
18,0,66.34,77.71,322759,True,False,False,False,True,False,False,False,False,True,False,False,False,0
28,0,51.41,82.91,230944,True,False,False,False,True,False,False,False,False,False,False,True,False,0
25,0,76.63,100.0,206548,True,False,False,False,False,False,False,True,False,True,False,False,False,1
23,0,43.62,84.12,793869,False,True,False,False,False,False,False,True,False,True,False,False,False,0
23,0,62.59,78.16,417450,True,False,False,False,False,False,True,False,False,False,False,True,False,0
30,0,62.02,96.79,539502,True,False,False,False,False,False,True,False,False,False,False,False,True,0
30,0,67.62,73.68,171468,True,False,False,False,False,False,False,True,False,False,False,False,True,1
23,0,81.3,78.97,98272,False,True,False,False,False,True,False,False,False,False,False,True,False,1
29,0,97.73,62.89,210661,True,False,False,True,False,False,False,False,False,False,True,False,False,1
27,0,70.58,61.37,117636,False,True,False,False,True,False,False,False,False,True,False,False,False,1
22,0,80.81,87.73,425306,True,False,False,False,False,False,False,True,False,False,False,True,False,1
17,0,60.32,84.24,69347,False,True,False,False,False,True,False,False,False,False,True,False,False,0
22,0,76.92,78.48,751652,True,False,False,False,True,False,False,False,False,False,False,False,True,0
26,0,59.51,75.98,488044,True,False,False,False,True,False,False,False,False,True,False,False,False,0
23,0,62.99,92.4,112946,True,False,False,False,False,False,True,False,False,False,False,True,False,0
21,0,69.03,85.88,162215,True,False,False,True,False,False,False,False,False,False,False,False,True,1
22,0,72.57,100.0,336471,True,False,False,False,False,True,False,False,False,False,False,True,False,1
30,0,67.59,84.45,537636,False,True,False,True,False,False,False,False,False,False,True,False,False,0
21,0,66.82,81.4,949489,False,True,False,True,False,False,False,False,False,False,False,False,True,1
24,0,88.1,84.92,442742,False,True,False,False,True,False,False,False,False,False,False,False,True,0
23,0,70.25,92.45,208455,False,True,False,False,True,False,False,False,False,False,False,True,False,1
28,0,63.8,97.6,554752,True,False,False,False,False,True,False,False,False,False,False,False,True,0
23,0,61.87,82.63,871113,False,False,True,False,True,False,False,False,False,True,False,False,False,0
29,0,64.95,82.46,129111,False,True,False,False,True,False,False,False,False,True,False,False,False,0
17,1,74.9,81.95,203944,True,False,False,False,True,False,False,False,False,True,False,False,False,1
22,0,76.97,77.56,270457,False,True,False,False,True,False,False,False,False,True,False,False,False,0
28,0,72.59,94.25,1467924,False,True,False,False,False,False,True,False,False,False,False,True,False,0
23,0,81.39,78.05,189937,True,False,False,False,False,False,False,True,False,True,False,False,False,1
24,0,72.11,82.75,177834,False,True,False,False,False,False,True,False,False,True,False,False,False,1
17,0,55.53,94.8,729990,False,True,False,False,False,False,True,False,False,False,False,False,True,0
19,0,73.39,91.36,113539,True,False,False,False,True,False,False,False,False,True,False,False,False,1
27,0,60.37,83.16,436026,False,True,False,False,False,True,False,False,False,False,True,False,False,0
28,0,100.0,61.49,302542,False,True,False,False,False,False,False,False,True,False,False,False,True,1
28,0,59.94,98.25,230621,True,False,False,False,True,False,False,False,False,False,False,True,False,0
29,1,69.16,75.33,453858,True,False,False,False,False,False,True,False,False,True,False,False,False,0
20,0,81.77,82.8,360428,True,False,False,False,False,True,False,False,False,False,True,False,False,1
23,0,78.66,80.92,216734,True,False,False,False,True,False,False,False,False,False,False,False,True,1
19,0,76.38,58.45,367579,True,False,False,False,True,False,False,False,False,True,False,False,False,0
29,0,78.17,89.99,483813,True,False,False,False,True,False,False,False,False,True,False,False,False,0
19,0,73.97,81.75,724810,True,False,False,False,False,False,True,False,False,True,False,False,False,0
22,0,74.68,80.41,999752,False,True,False,True,False,False,False,False,False,False,True,False,False,0
22,0,88.83,77.78,722676,False,True,False,False,False,False,False,False,True,False,False,False,True,0
24,0,68.97,75.84,410354,False,False,True,False,True,False,False,False,False,True,False,False,False,0
19,0,58.96,79.03,218331,False,True,False,False,False,False,True,False,False,True,False,False,False,0
19,0,77.28,79.0,545737,True,False,False,False,False,False,True,False,False,False,False,True,False,0
27,0,56.29,77.94,110377,True,False,False,False,False,False,True,False,False,True,False,False,False,0
21,0,71.79,64.64,68185,False,True,False,False,False,False,False,True,False,False,False,False,True,1
25,0,69.81,79.69,210991,False,True,False,False,True,False,False,False,False,True,False,False,False,0
26,0,70.86,91.68,632759,True,False,False,False,False,False,False,True,False,False,False,False,True,1
28,0,68.2,95.1,326501,True,False,False,False,False,False,True,False,False,False,False,False,True,1
30,0,65.61,89.22,328753,False,True,False,False,True,False,False,False,False,False,False,True,False,0
29,0,63.93,85.3,83671,True,False,False,True,False,False,False,False,False,False,True,False,False,0
19,0,44.8,82.18,258904,False,False,True,False,True,False,False,False,False,True,False,False,False,0
30,0,76.78,85.81,147066,False,True,False,False,True,False,False,False,False,True,False,False,False,1
25,0,60.43,65.48,362064,False,True,False,False,True,False,False,False,False,True,False,False,False,0
21,0,82.57,100.0,164109,False,True,False,False,False,False,True,False,False,False,False,True,False,1
18,0,75.45,94.25,164999,True,False,False,False,False,False,False,True,False,False,True,False,False,0
18,0,76.84,78.15,183571,False,True,False,False,True,False,False,False,False,False,False,False,True,1
17,0,67.74,44.15,361847,True,False,False,False,False,True,False,False,False,False,False,True,False,0
19,0,62.67,88.75,163567,False,True,False,True,False,False,False,False,False,False,False,True,False,0
28,0,73.95,81.41,142006,False,True,False,False,False,True,False,False,False,False,False,False,True,1
21,0,64.91,86.1,315468,True,False,False,False,False,False,False,True,False,False,False,False,True,0
22,0,67.46,82.42,112366,False,True,False,False,False,True,False,False,False,False,False,False,True,1
30,0,73.52,75.52,229776,True,False,False,False,False,False,False,False,True,False,True,False,False,1
24,0,65.28,72.63,120036,False,True,False,False,False,False,True,False,False,True,False,False,False,1
21,0,73.95,77.33,240986,True,False,False,False,False,True,False,False,False,False,False,False,True,1
25,0,81.31,100.0,105741,False,True,False,True,False,False,False,False,False,False,False,False,True,1
26,0,75.97,77.99,157288,True,False,False,False,False,False,False,False,True,False,False,True,False,1
22,1,72.04,94.62,178848,True,False,False,False,False,False,False,True,False,False,False,False,True,1
30,0,74.52,81.95,231209,False,True,False,False,False,False,True,False,False,False,False,False,True,1
27,1,71.59,93.5,298587,True,False,False,True,False,False,False,False,False,True,False,False,False,1
21,0,79.13,82.72,1052733,True,False,False,False,False,False,False,False,True,True,False,False,False,0
17,0,60.01,78.27,961050,False,True,False,False,False,False,False,True,False,False,False,True,False,0
21,0,62.73,89.81,1500000,False,True,False,False,False,True,False,False,False,True,False,False,False,0
22,0,52.85,80.11,388435,False,True,False,False,False,False,False,True,False,False,False,True,False,0
27,0,86.0,63.27,975926,True,False,False,False,False,False,True,False,False,False,True,False,False,0
27,0,71.74,99.34,568787,False,True,False,False,False,False,True,False,False,True,False,False,False,0
24,0,71.3,98.33,477412,True,False,False,False,False,True,False,False,False,False,True,False,False,0
22,0,75.73,84.21,227722,False,True,False,False,True,False,False,False,False,False,True,False,False,1
21,0,98.37,80.93,221368,False,True,False,False,True,False,False,False,False,False,False,False,True,1
26,0,70.7,94.47,184347,True,False,False,False,False,False,False,True,False,False,False,False,True,1
26,0,81.48,86.51,200664,False,True,False,False,False,False,False,False,True,False,False,False,True,0
27,0,77.0,89.94,322540,True,False,False,False,True,False,False,False,False,False,False,True,False,0
21,0,63.46,79.84,330564,False,True,False,False,False,False,False,True,False,False,False,True,False,0
18,0,94.96,89.2,170546,True,False,False,False,False,False,False,True,False,False,False,False,True,1
30,0,66.74,63.96,63734,True,False,False,False,False,False,False,True,False,False,False,True,False,1
20,0,44.08,86.44,411479,True,False,False,False,False,False,True,False,False,False,False,False,True,0
25,0,74.7,84.22,552430,True,False,False,False,True,False,False,False,False,False,False,True,False,0
18,0,59.93,88.41,612170,True,False,False,True,False,False,False,False,False,False,False,True,False,0
25,0,46.14,81.14,117822,True,False,False,False,False,False,False,False,True,False,False,False,True,1
30,0,45.35,88.52,290784,False,True,False,False,False,False,True,False,False,True,False,False,False,0
25,0,69.63,71.86,56744,True,False,False,False,True,False,False,False,False,False,False,False,True,1
18,0,69.2,69.49,158015,True,False,False,False,True,False,False,False,False,False,False,True,False,1
17,0,78.12,86.04,345506,True,False,False,False,True,False,False,False,False,True,False,False,False,0
28,0,66.23,77.84,111927,True,False,False,False,True,False,False,False,False,True,False,False,False,1
21,0,49.96,57.79,140649,True,False,False,False,False,False,False,True,False,True,False,False,False,0
17,0,67.59,66.83,130992,False,True,False,False,False,False,False,True,False,False,False,False,True,1
21,0,75.7,68.75,186295,True,False,False,False,False,False,True,False,False,True,False,False,False,1
18,0,65.17,83.45,142798,True,False,False,False,False,False,True,False,False,False,False,False,True,0
30,0,76.81,90.44,559429,True,False,False,False,False,False,False,True,False,False,False,False,True,0
27,0,74.37,68.05,270475,True,False,False,False,False,False,True,False,False,False,False,False,True,1
30,0,86.96,74.95,189795,True,False,False,False,False,False,False,False,True,False,True,False,False,1
23,0,73.85,93.0,1343496,False,True,False,False,True,False,False,False,False,False,False,True,False,0
28,0,43.8,73.75,138423,True,False,False,False,False,False,False,True,False,False,False,True,False,0
17,0,66.49,77.73,216349,False,True,False,False,False,False,True,False,False,False,False,False,True,1
20,0,62.67,78.1,193826,False,True,False,False,True,False,False,False,False,False,False,True,False,0
24,0,86.89,85.25,192373,False,True,False,False,False,False,True,False,False,True,False,False,False,1
25,0,64.46,91.07,659569,False,True,False,False,True,False,False,False,False,False,False,True,False,0
20,0,61.2,71.95,112202,False,True,False,False,True,False,False,False,False,False,False,True,False,0
29,0,76.51,76.08,347398,True,False,False,False,False,False,True,False,False,True,False,False,False,1
27,0,98.11,75.03,87111,False,True,False,False,False,False,False,True,False,False,False,False,True,1
21,0,76.31,81.42,249898,False,True,False,False,False,True,False,False,False,False,True,False,False,1
24,0,91.83,94.59,760607,True,False,False,True,False,False,False,False,False,False,False,True,False,0
27,0,53.44,85.16,380582,False,True,False,False,False,False,False,False,True,False,True,False,False,0
25,0,76.02,75.83,250404,False,True,False,False,False,True,False,False,False,False,False,False,True,1
20,0,78.92,68.59,587363,False,True,False,False,False,False,False,True,False,False,False,False,True,0
17,0,80.98,88.29,1017881,False,True,False,True,False,False,False,False,False,False,True,False,False,1
25,0,66.35,66.31,202302,False,True,False,False,True,False,False,False,False,False,False,False,True,1
27,0,77.01,77.98,225832,False,True,False,False,False,False,True,False,False,False,False,False,True,1
26,0,75.26,68.74,133459,True,False,False,False,False,False,False,False,True,True,False,False,False,1
24,0,70.71,88.27,80837,False,True,False,False,False,False,False,True,False,False,False,False,True,1
20,0,71.17,61.52,90097,False,True,False,False,False,False,True,False,False,False,True,False,False,1
28,0,84.22,83.99,123129,True,False,False,False,False,False,False,False,True,False,False,False,True,1
30,0,54.04,58.21,266918,False,True,False,True,False,False,False,False,False,False,False,True,False,0
30,0,68.43,85.35,478861,False,True,False,False,False,True,False,False,False,False,False,False,True,0
27,0,67.64,85.27,68144,False,False,True,False,False,False,True,False,False,False,False,True,False,1
21,0,69.25,82.27,206565,True,False,False,False,False,True,False,False,False,False,False,False,True,1
19,0,79.85,82.09,163802,False,True,False,False,True,False,False,False,False,False,True,False,False,1
23,0,94.0,69.59,476106,False,True,False,False,False,False,True,False,False,True,False,False,False,0
23,0,68.62,75.97,170664,True,False,False,False,True,False,False,False,False,True,False,False,False,1
23,0,76.52,61.97,369163,True,False,False,False,False,False,True,False,False,False,False,False,True,1
25,0,69.11,92.12,327957,False,True,False,False,True,False,False,False,False,False,False,True,False,0
27,0,61.12,88.44,226968,False,True,False,False,True,False,False,False,False,False,False,False,True,1
27,0,70.94,86.17,622797,False,True,False,False,True,False,False,False,False,False,False,False,True,0
22,0,69.04,78.84,231385,False,True,False,False,True,False,False,False,False,False,False,True,False,1
26,0,78.14,76.47,201730,False,True,False,False,True,False,False,False,False,True,False,False,False,1
20,1,68.9,61.31,280270,True,False,False,True,False,False,False,False,False,False,False,False,True,1
26,0,80.38,71.45,283713,False,True,False,False,True,False,False,False,False,False,False,False,True,0
30,0,93.16,65.12,719596,True,False,False,False,True,False,False,False,False,True,False,False,False,0
17,0,68.58,90.53,745830,True,False,False,False,True,False,False,False,False,False,False,True,False,0
28,0,79.82,82.01,580548,True,False,False,False,False,False,True,False,False,True,False,False,False,0
18,0,59.01,73.81,393577,False,True,False,True,False,False,False,False,False,False,True,False,False,0
24,0,79.13,80.75,259456,False,True,False,False,True,False,False,False,False,False,False,False,True,0
26,0,56.01,75.48,354656,False,True,False,False,False,False,True,False,False,False,False,False,True,0
21,0,81.61,68.09,362773,False,True,False,False,True,False,False,False,False,False,False,False,True,0
19,0,48.57,85.53,250045,False,True,False,False,False,False,True,False,False,False,False,False,True,0
23,0,54.26,86.71,234450,True,False,False,False,True,False,False,False,False,False,False,False,True,0
24,1,70.18,79.79,422997,True,False,False,False,False,False,True,False,False,False,False,False,True,0
22,0,79.1,79.89,327132,True,False,False,False,False,False,False,True,False,False,False,False,True,1
25,0,60.85,74.6,88979,True,False,False,False,True,False,False,False,False,False,False,True,False,0
20,0,82.65,91.76,804464,True,False,False,False,False,False,False,True,False,False,False,False,True,0
17,0,72.1,86.17,265274,False,True,False,False,False,False,True,False,False,False,False,True,False,1
20,0,79.51,92.9,227213,False,True,False,False,False,False,False,True,False,True,False,False,False,1
21,0,62.34,81.96,476688,True,False,False,False,False,False,True,False,False,False,False,False,True,0
19,0,59.41,78.99,73441,False,True,False,False,True,False,False,False,False,False,True,False,False,0
29,0,88.59,84.2,439492,True,False,False,False,False,False,True,False,False,False,False,False,True,1
25,0,69.11,81.15,88151,True,False,False,False,True,False,False,False,False,False,False,True,False,1
30,0,86.43,92.61,792457,False,True,False,True,False,False,False,False,False,False,False,True,False,0
27,0,89.86,90.73,761555,False,True,False,False,False,False,True,False,False,False,False,False,True,0
21,0,67.58,68.93,250218,False,True,False,False,False,False,False,True,False,False,False,True,False,1
18,0,72.34,81.07,149802,True,False,False,False,False,False,True,False,False,False,False,True,False,1
21,0,76.29,83.3,512074,False,True,False,False,True,False,False,False,False,True,False,False,False,0
22,0,62.87,100.0,696698,True,False,False,False,True,False,False,False,False,False,False,False,True,0
18,0,60.56,96.0,365385,False,True,False,False,False,False,True,False,False,True,False,False,False,0
23,0,62.48,92.95,1500000,True,False,False,False,True,False,False,False,False,False,False,False,True,0
27,0,72.06,89.69,236154,True,False,False,False,True,False,False,False,False,False,True,False,False,1
29,0,63.13,89.33,464744,False,True,False,False,False,False,True,False,False,False,False,True,False,0
20,0,76.64,88.68,313460,True,False,False,False,True,False,False,False,False,False,True,False,False,0
30,0,80.69,85.02,355890,True,False,False,False,False,False,False,False,True,False,False,False,True,1
20,0,63.2,80.11,236548,True,False,False,False,False,False,True,False,False,False,False,False,True,0
27,0,42.71,84.52,390364,False,True,False,False,True,False,False,False,False,False,True,False,False,0
20,1,59.89,100.0,221838,True,False,False,False,True,False,False,False,False,True,False,False,False,1
27,0,73.18,70.66,729583,True,False,False,False,True,False,False,False,False,False,False,False,True,0
22,0,91.15,96.79,87959,False,True,False,False,True,False,False,False,False,True,False,False,False,1
25,0,65.49,85.45,331087,True,False,False,False,False,False,False,True,False,True,False,False,False,1
28,0,62.25,85.98,445492,True,False,False,False,False,False,False,False,True,True,False,False,False,0
18,1,67.57,84.58,300855,False,True,False,False,True,False,False,False,False,False,False,False,True,1
26,0,64.27,76.17,296129,False,True,False,False,False,True,False,False,False,False,False,True,False,0
23,0,84.28,82.05,422665,False,True,False,False,False,False,False,True,False,False,True,False,False,1
29,0,55.57,100.0,730990,True,False,False,True,False,False,False,False,False,True,False,False,False,0
21,0,51.84,87.26,1262514,True,False,False,False,False,False,False,False,True,False,False,False,True,0
29,0,85.52,82.4,86128,True,False,False,False,True,False,False,False,False,False,False,True,False,1
27,0,57.7,69.65,150727,True,False,False,False,False,False,True,False,False,False,False,False,True,0
24,0,67.51,89.1,165576,False,True,False,False,True,False,False,False,False,False,False,False,True,1
24,0,56.62,76.54,483909,True,False,False,False,False,False,False,True,False,False,False,False,True,0
25,0,64.28,56.93,1253342,False,True,False,False,False,False,False,True,False,True,False,False,False,0
28,0,67.59,94.71,234865,False,True,False,False,False,False,False,True,False,False,True,False,False,1
21,0,63.07,93.5,265971,True,False,False,False,False,False,False,True,False,False,False,False,True,0
21,0,71.89,63.67,277729,False,True,False,False,False,False,False,True,False,False,False,False,True,1
23,1,81.12,84.64,101727,True,False,False,False,True,False,False,False,False,False,False,False,True,1
23,0,64.58,97.31,877646,True,False,False,False,False,False,True,False,False,False,False,False,True,0
18,0,78.78,66.29,171047,False,True,False,True,False,False,False,False,False,True,False,False,False,1
20,0,62.6,65.36,597488,True,False,False,False,False,True,False,False,False,False,False,False,True,0
23,1,62.85,86.77,1500000,False,True,False,False,True,False,False,False,False,False,False,True,False,0
17,0,73.41,77.91,205169,False,True,False,False,False,False,False,True,False,False,True,False,False,1
20,0,66.36,72.54,789929,False,True,False,False,True,False,False,False,False,False,False,False,True,0
29,1,65.49,84.79,1023095,True,False,False,False,True,False,False,False,False,False,False,False,True,0
28,0,74.85,69.12,756705,False,True,False,False,False,False,True,False,False,False,False,True,False,0
30,0,68.38,89.01,375295,False,True,False,False,False,True,False,False,False,False,False,True,False,1
29,0,98.49,77.29,209589,False,True,False,False,True,False,False,False,False,True,False,False,False,1
19,0,61.53,61.53,171303,False,True,False,False,False,False,True,False,False,True,False,False,False,0
18,0,58.24,82.89,234496,False,True,False,False,True,False,False,False,False,False,False,False,True,0
18,0,67.78,68.87,1329881,True,False,False,False,True,False,False,False,False,False,False,False,True,1
30,0,56.87,63.06,480593,False,True,False,False,False,False,False,True,False,False,True,False,False,0
19,0,64.56,82.42,667882,False,True,False,False,True,False,False,False,False,True,False,False,False,0
20,0,69.59,87.11,53639,False,True,False,False,False,False,False,True,False,False,False,True,False,1
29,0,66.1,86.11,327628,True,False,False,False,False,False,False,True,False,False,False,True,False,1
26,0,44.88,79.95,610928,False,True,False,False,False,False,False,True,False,False,False,True,False,0
23,0,93.93,85.17,482514,False,True,False,True,False,False,False,False,False,False,False,False,True,0
21,0,79.55,91.46,296992,False,True,False,False,False,True,False,False,False,False,False,False,True,1
21,0,79.85,93.47,202485,False,True,False,False,False,True,False,False,False,False,False,False,True,1
20,0,85.21,78.05,712881,True,False,False,False,False,False,False,True,False,True,False,False,False,0
21,0,68.95,87.35,158008,False,True,False,False,False,False,True,False,False,False,False,True,False,1
25,0,58.71,93.05,160086,False,True,False,False,True,False,False,False,False,False,False,False,True,0
24,0,74.45,88.88,371665,False,True,False,False,True,False,False,False,False,False,False,False,True,0
23,0,80.19,84.77,70398,True,False,False,False,False,False,False,False,True,True,False,False,False,1
19,0,71.48,94.06,189526,True,False,False,False,False,False,True,False,False,True,False,False,False,1
24,0,67.72,80.97,321379,True,False,False,True,False,False,False,False,False,True,False,False,False,1
26,0,100.0,91.48,175631,False,True,False,False,False,False,True,False,False,True,False,False,False,1
18,0,70.78,85.56,500467,True,False,False,False,False,False,False,True,False,False,False,False,True,0
21,0,53.69,70.43,1030474,False,True,False,False,False,False,True,False,False,False,False,True,False,0
18,0,63.72,82.32,138307,False,True,False,False,False,True,False,False,False,True,False,False,False,0
18,0,60.91,86.23,541449,True,False,False,False,True,False,False,False,False,False,False,True,False,0
23,0,64.17,87.56,354320,True,False,False,False,True,False,False,False,False,False,False,True,False,0
21,0,73.59,85.77,272074,False,True,False,False,True,False,False,False,False,False,False,True,False,1
26,0,78.65,82.08,214085,True,False,False,False,False,False,False,False,True,False,False,False,True,1
27,0,88.87,81.85,63234,False,True,False,False,False,False,True,False,False,False,False,False,True,1
30,0,65.18,78.79,168958,True,False,False,False,False,False,False,False,True,False,True,False,False,1
25,0,72.93,68.32,127341,True,False,False,False,True,False,False,False,False,False,False,False,True,1
20,0,80.54,74.37,310930,False,True,False,False,False,False,True,False,False,False,False,False,True,1
17,0,75.24,73.01,450374,True,False,False,False,True,False,False,False,False,False,False,False,True,0
27,0,74.51,74.53,622255,False,True,False,False,False,False,False,False,True,False,False,False,True,0
29,0,64.48,78.85,257978,False,True,False,False,True,False,False,False,False,False,True,False,False,0
29,0,76.55,73.21,79921,False,True,False,False,True,False,False,False,False,False,True,False,False,1
18,0,72.67,91.93,407928,False,True,False,False,False,False,True,False,False,False,False,False,True,1
27,0,51.21,71.94,718361,True,False,False,False,False,False,False,False,True,False,False,False,True,1
21,0,68.12,85.58,290283,True,False,False,False,False,False,False,True,False,False,False,False,True,1
26,0,80.85,87.92,746035,False,True,False,False,False,False,False,True,False,True,False,False,False,0
24,0,70.83,86.63,156075,False,True,False,False,False,False,False,True,False,False,False,False,True,1
30,0,49.07,76.55,137463,True,False,False,False,True,False,False,False,False,False,False,False,True,0
25,0,81.82,79.66,304824,True,False,False,False,True,False,False,False,False,False,False,True,False,0
30,0,56.79,91.79,128481,True,False,False,False,False,False,False,True,False,False,False,False,True,0
17,0,67.92,73.91,184037,True,False,False,False,True,False,False,False,False,False,True,False,False,1
28,0,70.93,80.7,315889,True,False,False,False,False,False,False,True,False,True,False,False,False,1
22,0,61.11,98.41,213859,False,True,False,False,False,False,True,False,False,False,False,False,True,0
17,0,67.54,76.1,174226,False,True,False,False,False,False,False,True,False,False,False,False,True,1
22,1,62.91,64.21,134964,True,False,False,False,True,False,False,False,False,True,False,False,False,1
23,0,94.72,81.38,388597,True,False,False,False,False,False,True,False,False,True,False,False,False,1
25,0,58.28,100.0,1500000,True,False,False,False,False,True,False,False,False,False,False,False,True,0
23,0,74.22,80.67,1116551,True,False,False,False,True,False,False,False,False,False,True,False,False,0
27,0,78.57,69.37,447815,False,True,False,False,False,True,False,False,False,False,False,False,True,1
29,0,74.13,86.29,316779,True,False,False,False,False,False,True,False,False,False,False,False,True,1
18,0,75.02,82.96,246593,False,True,False,False,False,False,False,True,False,True,False,False,False,1
29,0,94.44,77.67,605193,False,True,False,False,True,False,False,False,False,False,False,False,True,0
29,0,73.76,80.71,432439,False,True,False,False,False,True,False,False,False,True,False,False,False,1
23,0,81.79,73.79,863174,True,False,False,False,False,False,False,True,False,False,False,False,True,0
20,0,59.79,77.59,178419,False,True,False,False,True,False,False,False,False,False,True,False,False,0
29,0,70.0,87.76,263116,False,True,False,False,False,False,True,False,False,False,False,False,True,1
29,0,75.7,97.25,638038,False,True,False,False,False,False,False,False,True,True,False,False,False,0
21,0,63.48,74.63,523162,True,False,False,False,False,False,True,False,False,False,True,False,False,0
20,1,58.78,83.26,65099,False,True,False,False,True,False,False,False,False,False,True,False,False,1
29,0,70.78,77.67,195482,False,False,True,False,True,False,False,False,False,False,False,True,False,1
30,0,59.84,84.13,315796,False,False,True,False,False,False,False,True,False,False,False,False,True,0
17,0,73.59,89.82,272173,True,False,False,False,True,False,False,False,False,False,False,True,False,1
24,0,56.66,98.09,159647,True,False,False,False,True,False,False,False,False,False,False,False,True,0
19,0,70.45,77.08,144281,False,True,False,False,False,False,True,False,False,False,False,False,True,1
25,0,76.48,67.97,471348,True,False,False,False,True,False,False,False,False,False,False,False,True,0
17,0,63.93,98.11,180165,False,True,False,False,True,False,False,False,False,False,False,True,False,0
28,0,88.81,100.0,660043,True,False,False,False,False,False,True,False,False,True,False,False,False,0
22,0,78.27,81.68,213906,True,False,False,False,True,False,False,False,False,False,True,False,False,1
30,0,66.84,76.74,112988,False,True,False,False,False,True,False,False,False,False,False,True,False,0
17,0,79.79,75.05,1067577,True,False,False,False,False,False,False,True,False,False,False,False,True,0
24,0,71.16,84.85,459298,True,False,False,False,False,False,True,False,False,False,False,False,True,0
24,0,80.34,84.58,304911,False,True,False,False,True,False,False,False,False,False,False,True,False,0
29,0,74.5,83.67,288177,False,True,False,False,False,False,True,False,False,False,False,False,True,1
18,0,69.47,82.43,334051,False,True,False,False,False,False,False,True,False,False,False,True,False,1
26,1,60.79,85.29,191538,False,True,False,False,True,False,False,False,False,False,False,True,False,1
23,0,78.99,78.72,267820,False,True,False,False,False,False,False,True,False,False,True,False,False,1
18,0,68.0,78.78,165428,True,False,False,False,False,False,False,True,False,True,False,False,False,1
28,0,63.56,70.76,382229,False,True,False,False,False,False,False,False,True,False,False,True,False,0
27,0,84.3,93.09,100339,True,False,False,False,False,False,False,False,True,False,False,True,False,1
28,0,61.73,74.25,227232,False,True,False,False,False,True,False,False,False,False,False,False,True,0
22,0,62.46,79.62,120232,False,True,False,False,False,False,True,False,False,False,False,True,False,0
21,0,71.23,97.9,59236,True,False,False,False,False,False,True,False,False,True,False,False,False,1
23,0,62.81,61.79,228483,True,False,False,False,False,True,False,False,False,True,False,False,False,0
24,0,40.3,64.15,215931,True,False,False,False,True,False,False,False,False,False,False,True,False,0
17,0,91.17,78.86,140626,False,True,False,False,False,False,True,False,False,True,False,False,False,1
24,0,71.26,85.63,262533,True,False,False,False,True,False,False,False,False,False,False,True,False,1
25,1,87.77,84.97,531428,False,False,True,False,False,False,True,False,False,True,False,False,False,1
24,0,74.83,86.14,279976,True,False,False,False,False,True,False,False,False,True,False,False,False,1
25,0,64.74,84.64,266910,True,False,False,False,False,False,False,True,False,True,False,False,False,0
20,0,62.36,74.32,217569,False,True,False,False,True,False,False,False,False,False,False,True,False,0
24,0,64.29,68.69,248585,True,False,False,True,False,False,False,False,False,False,False,False,True,0
23,0,56.64,83.73,255865,False,True,False,True,False,False,False,False,False,False,False,False,True,0
19,0,88.67,97.83,185867,True,False,False,False,True,False,False,False,False,False,False,False,True,1
27,0,75.37,74.43,205392,True,False,False,True,False,False,False,False,False,False,False,False,True,1
18,0,71.77,79.46,758853,True,False,False,False,True,False,False,False,False,False,True,False,False,0
30,0,54.31,83.01,305991,True,False,False,False,False,False,True,False,False,True,False,False,False,0
30,0,87.23,50.24,343722,False,True,False,False,True,False,False,False,False,False,False,True,False,0
17,0,74.87,59.25,173426,False,True,False,False,False,True,False,False,False,False,True,False,False,0
24,0,58.89,82.7,618668,False,True,False,False,False,False,False,True,False,True,False,False,False,0
22,0,64.26,84.49,206950,True,False,False,False,False,False,False,False,True,False,True,False,False,1
25,0,59.62,82.42,79930,True,False,False,False,True,False,False,False,False,True,False,False,False,0
30,0,71.75,64.12,132439,True,False,False,False,False,False,True,False,False,False,False,True,False,1
17,0,79.15,78.93,378653,False,True,False,False,True,False,False,False,False,True,False,False,False,0
23,0,67.92,75.65,185117,True,False,False,False,True,False,False,False,False,False,True,False,False,1
23,0,66.49,83.4,370174,True,False,False,False,True,False,False,False,False,False,False,False,True,0
29,0,70.59,89.27,358472,False,True,False,True,False,False,False,False,False,True,False,False,False,1
18,0,68.29,80.69,274057,False,True,False,False,False,False,True,False,False,False,False,True,False,1
27,1,96.37,90.17,246461,True,False,False,False,False,False,True,False,False,False,False,True,False,1
28,0,68.91,79.59,187194,False,True,False,False,False,False,True,False,False,False,False,False,True,1
23,0,69.27,83.31,120077,True,False,False,False,False,False,True,False,False,False,False,True,False,1
25,0,68.0,95.21,329438,False,True,False,False,False,False,False,True,False,True,False,False,False,1
28,0,70.7,78.88,57522,False,True,False,False,True,False,False,False,False,False,False,False,True,1
18,0,76.96,78.94,398494,False,True,False,False,False,False,True,False,False,False,False,False,True,1
24,0,35.0,69.29,187844,True,False,False,False,True,False,False,False,False,True,False,False,False,0
19,0,92.79,80.06,377917,True,False,False,False,False,False,False,True,False,False,True,False,False,1
24,0,56.94,82.42,485093,False,True,False,False,False,False,True,False,False,True,False,False,False,0
21,1,75.26,84.93,106440,True,False,False,False,False,False,True,False,False,False,False,False,True,1
29,1,81.86,92.53,95532,True,False,False,False,False,False,True,False,False,False,False,False,True,1
17,0,48.72,67.24,112416,False,True,False,True,False,False,False,False,False,False,False,True,False,1
26,0,83.17,86.37,511346,False,True,False,False,False,False,False,True,False,True,False,False,False,0
23,0,82.66,89.35,380375,False,True,False,False,False,True,False,False,False,True,False,False,False,1
27,0,67.64,82.07,115271,True,False,False,False,False,False,False,True,False,True,False,False,False,1
30,1,81.87,100.0,864017,True,False,False,False,True,False,False,False,False,False,False,False,True,0
19,0,50.81,84.53,247118,False,True,False,False,False,False,False,False,True,False,False,False,True,0
26,0,77.44,84.03,306039,True,False,False,False,True,False,False,False,False,False,False,False,True,0
28,0,49.21,100.0,295564,False,True,False,True,False,False,False,False,False,True,False,False,False,0
28,0,69.58,76.29,309179,True,False,False,False,False,False,False,True,False,True,False,False,False,1
21,0,87.1,66.39,322426,False,True,False,False,False,False,False,False,True,True,False,False,False,1
27,0,48.02,88.5,448624,True,False,False,False,False,False,True,False,False,False,False,False,True,0
17,0,78.34,73.21,258737,False,True,False,False,False,False,True,False,False,False,False,False,True,1
26,0,99.7,98.18,279738,False,True,False,False,False,False,True,False,False,False,False,False,True,1
17,0,68.31,95.16,166257,True,False,False,False,False,True,False,False,False,True,False,False,False,1
30,0,78.19,78.82,455851,False,True,False,False,False,False,False,True,False,False,False,False,True,0
22,0,71.6,67.07,546249,True,False,False,False,False,False,True,False,False,True,False,False,False,0
27,0,60.21,78.76,434761,False,True,False,False,False,False,True,False,False,False,False,False,True,0
25,0,75.59,73.41,731181,False,True,False,False,False,False,True,False,False,True,False,False,False,0
21,0,84.58,70.92,674775,True,False,False,False,True,False,False,False,False,False,False,False,True,0
24,0,57.32,98.76,203987,True,False,False,True,False,False,False,False,False,False,True,False,False,0
25,0,67.53,83.48,188596,True,False,False,False,False,False,False,True,False,False,False,True,False,1
17,0,68.81,78.49,173763,True,False,False,False,False,False,True,False,False,False,False,True,False,1
28,0,60.33,70.93,799404,True,False,False,False,False,True,False,False,False,True,False,False,False,0
21,0,52.36,79.07,426782,True,False,False,False,False,False,True,False,False,True,False,False,False,0
29,0,62.66,94.84,96299,True,False,False,False,True,False,False,False,False,False,False,True,False,0
28,0,59.19,88.15,105086,True,False,False,False,False,False,False,False,True,True,False,False,False,0
25,0,48.35,75.1,288576,False,True,False,False,True,False,False,False,False,False,False,True,False,0
19,0,95.59,81.55,512553,False,True,False,False,False,False,False,True,False,True,False,False,False,0
29,0,63.32,76.72,554341,False,True,False,False,False,False,True,False,False,False,False,False,True,0
22,0,77.25,83.07,310069,True,False,False,False,False,False,True,False,False,True,False,False,False,1
22,0,77.11,81.72,364756,False,False,True,True,False,False,False,False,False,False,False,False,True,1
27,0,78.42,95.23,53675,False,True,False,False,False,True,False,False,False,False,False,False,True,1
25,0,80.46,98.18,409036,True,False,False,False,True,False,False,False,False,False,False,False,True,0
21,0,65.84,85.07,293180,False,True,False,False,True,False,False,False,False,False,False,True,False,0
19,0,70.7,82.42,192599,True,False,False,False,True,False,False,False,False,False,False,False,True,1
21,0,80.83,100.0,233388,True,False,False,False,False,True,False,False,False,False,False,False,True,1
23,0,77.27,72.56,164273,True,False,False,False,False,False,False,True,False,True,False,False,False,1
20,0,64.44,75.93,127360,True,False,False,False,True,False,False,False,False,False,False,True,False,0
25,0,49.1,74.19,379823,True,False,False,False,False,False,True,False,False,False,False,False,True,0
23,0,63.53,97.69,340146,False,True,False,False,True,False,False,False,False,False,False,False,True,0
26,0,78.65,88.2,160648,True,False,False,True,False,False,False,False,False,False,False,False,True,1
29,0,67.63,79.29,769241,True,False,False,False,False,False,True,False,False,False,True,False,False,0
25,0,58.99,74.83,1106489,False,True,False,True,False,False,False,False,False,True,False,False,False,0
17,0,71.3,68.6,87503,False,True,False,False,False,False,False,True,False,False,False,True,False,1
25,0,78.32,94.34,277820,False,True,False,False,False,False,False,True,False,False,False,False,True,1
21,0,63.18,59.84,451054,True,False,False,False,True,False,False,False,False,True,False,False,False,0
24,0,52.36,71.94,203622,False,True,False,True,False,False,False,False,False,False,True,False,False,0
27,0,57.73,84.96,397080,True,False,False,False,True,False,False,False,False,False,False,False,True,0
29,0,57.69,98.64,77697,True,False,False,False,True,False,False,False,False,False,False,True,False,0
29,0,59.29,99.36,322018,False,True,False,False,True,False,False,False,False,True,False,False,False,1
25,0,43.25,77.6,328014,True,False,False,False,False,False,True,False,False,True,False,False,False,0
21,0,54.8,94.24,201789,False,True,False,False,True,False,False,False,False,False,False,False,True,0
17,0,75.74,77.75,665847,False,True,False,False,False,False,True,False,False,False,False,False,True,0
22,0,71.63,78.33,178879,False,True,False,False,True,False,False,False,False,False,False,False,True,1
29,0,57.2,85.22,430976,False,True,False,False,True,False,False,False,False,True,False,False,False,0
17,0,49.25,80.12,57641,False,True,False,False,True,False,False,False,False,False,False,False,True,0
20,0,80.94,89.0,195413,True,False,False,False,False,False,True,False,False,False,False,False,True,1
30,0,84.59,82.42,833779,True,False,False,False,False,False,True,False,False,True,False,False,False,0
28,0,51.14,75.0,401241,True,False,False,False,True,False,False,False,False,False,False,True,False,0
20,0,81.28,82.98,126389,False,True,False,False,False,False,True,False,False,True,False,False,False,1
18,0,69.6,67.26,738064,False,True,False,False,True,False,False,False,False,False,False,True,False,0
30,0,48.14,81.08,124687,True,False,False,False,False,False,True,False,False,False,False,False,True,0
22,0,88.63,80.37,245337,False,True,False,False,False,False,True,False,False,False,False,False,True,1
19,0,58.32,76.56,399013,False,True,False,False,True,False,False,False,False,False,False,True,False,0
24,0,64.98,100.0,76079,True,False,False,False,True,False,False,False,False,False,False,False,True,0
28,0,74.0,95.98,258072,True,False,False,False,False,False,True,False,False,True,False,False,False,1
17,0,83.27,69.39,129658,False,True,False,False,True,False,False,False,False,False,False,False,True,1
27,0,64.08,81.11,181855,True,False,False,False,True,False,False,False,False,False,False,False,True,0
22,1,63.84,91.22,231995,True,False,False,False,False,False,True,False,False,False,False,False,True,1
24,0,73.45,75.29,281484,True,False,False,False,True,False,False,False,False,True,False,False,False,1
24,0,57.34,79.7,318552,False,True,False,False,False,False,False,False,True,False,False,False,True,0
19,0,80.39,66.63,226797,True,False,False,False,False,False,True,False,False,False,False,True,False,1
21,0,71.07,79.79,202493,True,False,False,False,False,False,False,False,True,False,False,False,True,1
19,0,62.96,79.87,303371,False,True,False,False,False,False,False,True,False,False,False,True,False,0
25,0,65.3,79.8,751584,True,False,False,False,True,False,False,False,False,False,False,False,True,0
17,0,93.26,95.5,889643,True,False,False,False,True,False,False,False,False,False,False,True,False,0
24,0,73.35,83.27,1154654,True,False,False,False,False,False,True,False,False,False,False,True,False,0
25,0,79.97,71.45,462209,True,False,False,False,True,False,False,False,False,False,True,False,False,0
30,0,54.87,94.26,650943,False,True,False,False,False,False,True,False,False,True,False,False,False,0
24,0,61.41,78.59,357952,False,False,True,False,True,False,False,False,False,False,True,False,False,1
19,0,87.91,79.52,372681,True,False,False,False,True,False,False,False,False,False,False,False,True,0
30,0,68.03,100.0,514003,False,True,False,False,False,False,True,False,False,True,False,False,False,0
23,0,50.23,81.48,572120,True,False,False,False,False,False,True,False,False,False,True,False,False,0
27,0,67.5,93.71,146198,True,False,False,False,False,False,True,False,False,False,False,False,True,1
27,0,48.86,70.25,260800,True,False,False,False,True,False,False,False,False,False,True,False,False,0
23,0,74.61,86.75,1053645,True,False,False,False,False,False,False,True,False,False,False,False,True,0
24,0,89.86,89.84,495463,False,True,False,False,False,False,False,True,False,False,True,False,False,0
24,0,56.19,68.0,109859,True,False,False,False,False,False,True,False,False,False,False,True,False,0
21,0,82.64,85.15,319794,True,False,False,False,False,False,True,False,False,False,False,True,False,1
29,0,79.59,85.29,463089,False,True,False,False,False,False,True,False,False,True,False,False,False,0
19,0,64.49,95.0,91409,True,False,False,False,False,False,True,False,False,False,False,False,True,0
24,0,77.98,77.24,371047,False,True,False,False,False,False,True,False,False,False,False,False,True,1
22,0,80.09,83.42,452032,False,True,False,False,True,False,False,False,False,True,False,False,False,1
26,0,75.11,69.19,353101,True,False,False,False,True,False,False,False,False,False,False,True,False,0
30,0,64.37,83.97,248019,True,False,False,True,False,False,False,False,False,False,False,False,True,0
22,0,79.9,94.72,145640,True,False,False,False,False,False,False,False,True,False,False,False,True,1
28,0,68.93,81.51,168288,False,True,False,False,True,False,False,False,False,False,False,True,False,1
17,0,81.89,89.26,148892,True,False,False,False,False,False,False,False,True,False,False,False,True,1
22,0,70.16,86.73,219010,False,True,False,False,False,False,True,False,False,False,False,False,True,1
28,0,69.95,65.99,49882,False,True,False,False,False,False,True,False,False,True,False,False,False,1
24,0,69.49,74.75,199325,False,True,False,False,False,False,True,False,False,False,False,False,True,1
26,0,71.3,85.71,503788,False,True,False,False,False,False,True,False,False,False,False,False,True,0
29,0,81.11,76.7,280151,True,False,False,False,False,False,False,True,False,False,True,False,False,1
17,0,78.19,90.4,488394,False,True,False,False,True,False,False,False,False,False,True,False,False,0
20,0,68.05,79.45,612286,True,False,False,False,False,True,False,False,False,False,False,False,True,0
22,0,78.03,61.3,123349,False,True,False,False,True,False,False,False,False,False,False,False,True,1
29,0,95.57,86.7,498360,False,True,False,False,False,False,False,True,False,False,False,True,False,0
23,0,82.98,89.07,179014,True,False,False,False,False,False,True,False,False,False,False,True,False,1
29,0,79.87,94.34,600934,False,False,True,False,True,False,False,False,False,False,False,True,False,0
22,0,66.82,83.1,987804,True,False,False,False,True,False,False,False,False,False,True,False,False,0
29,0,85.55,86.76,259408,True,False,False,False,True,False,False,False,False,False,False,True,False,1
17,0,63.37,83.64,734300,True,False,False,False,True,False,False,False,False,True,False,False,False,1
18,0,73.1,84.82,449570,False,True,False,False,True,False,False,False,False,True,False,False,False,0
29,0,79.95,87.4,260596,False,False,True,False,True,False,False,False,False,False,False,False,True,0
29,0,76.2,87.92,414642,True,False,False,False,True,False,False,False,False,False,False,False,True,0
27,1,85.86,85.2,227024,False,True,False,False,False,True,False,False,False,False,False,False,True,1
21,0,86.56,76.99,57879,True,False,False,False,False,False,True,False,False,False,True,False,False,1
28,0,91.51,78.19,802659,True,False,False,False,False,False,False,True,False,True,False,False,False,0
29,0,79.49,100.0,633920,True,False,False,False,False,False,False,True,False,False,True,False,False,0
22,0,64.26,91.11,243827,False,True,False,False,False,False,False,False,True,False,False,True,False,0
18,0,73.17,85.78,334304,False,True,False,False,False,False,True,False,False,True,False,False,False,1
24,0,60.21,77.92,187020,False,True,False,False,True,False,False,False,False,False,False,False,True,0
28,0,80.95,79.69,123348,False,True,False,False,False,False,True,False,False,True,False,False,False,1
20,0,88.13,85.23,308149,True,False,False,False,False,False,False,True,False,False,False,True,False,1
27,0,70.25,75.98,358061,True,False,False,False,True,False,False,False,False,False,False,False,True,0
20,0,68.97,90.81,341337,True,False,False,True,False,False,False,False,False,True,False,False,False,1
24,0,50.88,74.81,516123,True,False,False,False,False,False,True,False,False,False,False,True,False,0
24,1,82.72,77.21,941992,False,True,False,False,True,False,False,False,False,False,False,False,True,0
22,0,88.18,66.73,220740,True,False,False,False,False,False,True,False,False,True,False,False,False,1
26,0,84.89,87.31,156304,True,False,False,True,False,False,False,False,False,False,False,True,False,1
29,0,70.27,71.12,678085,True,False,False,False,False,True,False,False,False,False,True,False,False,0
20,0,53.77,86.89,387274,True,False,False,False,True,False,False,False,False,False,False,True,False,0
23,0,67.63,65.26,158242,False,True,False,True,False,False,False,False,False,False,True,False,False,1
28,0,56.09,92.12,222425,False,True,False,False,False,False,True,False,False,True,False,False,False,0
18,0,59.1,67.6,170887,False,True,False,False,False,False,False,True,False,False,False,False,True,0
29,0,78.67,83.79,536122,True,False,False,False,False,False,False,True,False,True,False,False,False,0
20,1,55.3,96.54,354557,False,True,False,False,False,False,False,False,True,False,False,False,True,1
18,0,52.68,71.16,221863,False,True,False,False,False,False,True,False,False,False,False,False,True,0
20,0,63.06,66.48,243188,False,True,False,False,True,False,False,False,False,False,False,True,False,1
18,0,75.12,73.49,63701,False,True,False,False,True,False,False,False,False,True,False,False,False,1
22,0,74.8,90.22,95737,False,True,False,True,False,False,False,False,False,False,False,False,True,1
18,0,80.32,91.11,997813,False,True,False,True,False,False,False,False,False,False,True,False,False,0
25,0,82.08,67.24,261565,True,False,False,False,False,False,False,False,True,True,False,False,False,1
17,0,64.42,72.67,587099,False,True,False,False,False,False,True,False,False,False,False,False,True,0
28,0,62.43,59.89,621640,False,False,True,True,False,False,False,False,False,False,False,True,False,0
21,0,55.55,69.92,191675,True,False,False,False,True,False,False,False,False,False,False,False,True,0
24,0,91.16,79.01,88931,True,False,False,False,False,False,True,False,False,True,False,False,False,1
20,0,78.72,74.55,462504,False,True,False,False,False,True,False,False,False,False,True,False,False,0
25,0,70.67,82.05,194197,False,True,False,False,True,False,False,False,False,True,False,False,False,1
22,0,52.76,77.51,1088748,True,False,False,False,False,False,False,True,False,False,False,False,True,0
18,0,56.24,67.98,148335,False,True,False,False,False,False,False,False,True,True,False,False,False,0
25,0,54.65,79.89,370722,True,False,False,False,True,False,False,False,False,False,True,False,False,0
18,0,76.04,79.4,362663,True,False,False,False,True,False,False,False,False,False,True,False,False,0
25,0,83.59,92.27,1373573,False,False,True,False,False,False,True,False,False,False,False,True,False,0
30,0,89.91,82.53,282041,True,False,False,False,True,False,False,False,False,True,False,False,False,1
24,0,95.25,91.2,375783,True,False,False,False,False,False,False,False,True,False,False,True,False,1
30,1,63.78,75.7,178116,False,True,False,False,False,False,False,True,False,False,True,False,False,1
23,0,73.61,97.91,348413,False,True,False,False,False,False,True,False,False,True,False,False,False,1
21,0,54.03,85.69,630710,False,True,False,False,True,False,False,False,False,False,False,True,False,0
21,0,75.63,90.66,184161,False,True,False,False,True,False,False,False,False,True,False,False,False,1
25,0,48.52,84.97,97667,False,True,False,False,True,False,False,False,False,True,False,False,False,0
29,0,66.49,79.72,386023,True,False,False,False,False,True,False,False,False,True,False,False,False,1
27,0,83.79,87.05,263750,True,False,False,False,False,False,False,True,False,False,False,False,True,1
29,0,83.54,86.04,298296,True,False,False,False,False,False,False,True,False,False,False,False,True,1
28,0,84.74,84.93,322398,True,False,False,False,False,False,True,False,False,False,False,True,False,1
22,0,61.83,76.51,504597,True,False,False,False,False,False,False,True,False,False,False,True,False,0
20,0,80.68,82.13,565918,False,True,False,False,False,False,True,False,False,False,False,False,True,0
26,0,63.36,65.58,83600,True,False,False,False,False,False,False,True,False,False,True,False,False,0
24,0,73.83,64.59,522734,False,True,False,False,True,False,False,False,False,True,False,False,False,0
27,0,76.24,86.97,128993,False,True,False,False,False,True,False,False,False,False,False,False,True,1
18,0,62.91,79.69,94812,False,True,False,True,False,False,False,False,False,False,False,False,True,0
29,0,64.43,59.33,347478,False,True,False,False,False,False,True,False,False,True,False,False,False,0
17,0,48.39,84.56,673981,True,False,False,True,False,False,False,False,False,False,False,False,True,0
18,0,69.96,100.0,94662,False,True,False,False,False,False,True,False,False,False,False,False,True,1
26,0,82.79,82.94,117830,True,False,False,False,False,False,False,False,True,False,False,False,True,1
24,0,61.3,82.88,243181,False,True,False,False,False,True,False,False,False,False,True,False,False,0
18,0,88.42,83.99,176310,False,True,False,False,False,False,True,False,False,True,False,False,False,1
19,0,84.1,76.1,176129,True,False,False,False,True,False,False,False,False,False,True,False,False,1
24,0,52.73,93.11,361283,True,False,False,False,False,False,True,False,False,True,False,False,False,0
19,0,61.63,97.6,320898,True,False,False,False,False,False,True,False,False,True,False,False,False,0
27,0,66.95,97.88,215150,True,False,False,False,False,True,False,False,False,True,False,False,False,1
19,0,76.87,85.67,178098,False,False,True,False,True,False,False,False,False,True,False,False,False,1
26,0,71.12,81.36,201892,True,False,False,False,False,False,False,True,False,True,False,False,False,1
30,0,71.39,82.27,518625,True,False,False,False,False,False,False,True,False,False,False,False,True,1
30,0,59.06,92.37,141045,False,True,False,False,False,True,False,False,False,True,False,False,False,0
23,0,73.31,61.77,176137,True,False,False,False,True,False,False,False,False,False,False,False,True,1
24,0,90.53,78.66,1082413,True,False,False,False,False,False,True,False,False,False,True,False,False,0
21,0,77.89,82.42,216107,True,False,False,False,False,True,False,False,False,False,False,True,False,1
17,1,83.47,82.3,479747,True,False,False,False,False,True,False,False,False,False,True,False,False,0
19,0,71.38,76.78,134270,False,True,False,False,True,False,False,False,False,False,False,False,True,1
24,0,62.77,82.38,376170,False,True,False,False,True,False,False,False,False,False,False,False,True,0
27,0,81.14,79.05,682920,True,False,False,False,False,False,True,False,False,True,False,False,False,0
17,0,66.99,77.32,349224,False,True,False,False,False,False,False,True,False,True,False,False,False,1
27,0,58.11,78.37,139602,False,True,False,False,True,False,False,False,False,False,False,True,False,0
23,1,64.83,83.54,381065,True,False,False,False,True,False,False,False,False,True,False,False,False,1
20,0,72.07,99.11,809725,False,True,False,False,False,False,False,True,False,True,False,False,False,1
21,0,76.69,73.64,379322,True,False,False,False,True,False,False,False,False,False,False,True,False,0
28,0,71.3,89.73,140055,False,True,False,False,False,False,False,True,False,False,False,False,True,1
29,0,77.22,63.99,361563,True,False,False,False,False,True,False,False,False,False,False,True,False,1
30,0,70.59,81.26,69348,False,False,True,False,True,False,False,False,False,True,False,False,False,1
20,0,88.63,90.22,131860,False,True,False,False,False,True,False,False,False,False,False,False,True,1
17,0,63.79,95.72,294792,True,False,False,False,False,True,False,False,False,True,False,False,False,0
18,0,84.4,82.42,232153,True,False,False,True,False,False,False,False,False,True,False,False,False,1
26,0,65.01,96.05,695855,False,True,False,False,False,False,False,True,False,False,False,False,True,0
26,0,54.35,82.57,260794,False,True,False,False,False,False,False,False,True,False,False,False,True,0
19,0,60.92,70.72,216236,True,False,False,False,True,False,False,False,False,True,False,False,False,0
24,0,65.86,82.71,217118,True,False,False,False,True,False,False,False,False,False,False,False,True,1
20,0,92.71,71.08,306674,False,True,False,False,False,False,False,False,True,False,True,False,False,1
17,0,68.37,70.54,233716,True,False,False,False,False,False,False,True,False,True,False,False,False,1
30,1,73.18,76.53,529514,False,True,False,False,True,False,False,False,False,False,False,False,True,0
25,0,73.62,98.19,91550,False,True,False,False,False,False,True,False,False,False,False,False,True,1
22,0,76.37,76.06,200610,True,False,False,False,False,False,False,False,True,False,False,False,True,1
18,1,90.4,62.51,33703,False,True,False,False,False,False,False,False,True,True,False,False,False,1
22,0,56.8,77.42,1500000,False,True,False,False,True,False,False,False,False,False,False,True,False,0
17,0,70.28,82.61,197504,False,True,False,False,False,False,False,True,False,False,False,True,False,1
18,0,84.52,91.43,306337,True,False,False,False,True,False,False,False,False,False,False,True,False,0
20,0,66.14,71.07,322812,True,False,False,False,False,False,False,True,False,True,False,False,False,1
21,0,66.4,80.72,905072,False,True,False,True,False,False,False,False,False,False,False,False,True,0
21,0,67.3,80.15,98265,False,True,False,False,False,False,True,False,False,False,False,True,False,1
24,0,64.45,91.13,406517,False,True,False,False,False,False,False,False,True,False,False,False,True,0
25,0,89.4,76.53,461809,True,False,False,False,False,False,True,False,False,False,True,False,False,0
29,0,75.61,100.0,50619,False,True,False,False,False,False,False,True,False,False,False,True,False,1
27,0,70.92,80.76,202829,False,True,False,False,False,False,True,False,False,False,False,False,True,1
19,1,80.2,76.45,276473,False,True,False,False,True,False,False,False,False,True,False,False,False,1
20,0,86.87,72.64,695734,True,False,False,False,False,False,True,False,False,False,False,False,True,0
23,1,66.2,82.72,872129,False,True,False,False,False,False,False,False,True,False,False,False,True,0
18,0,76.17,81.43,395968,False,True,False,False,False,False,True,False,False,False,False,False,True,1
27,0,82.4,97.12,103759,True,False,False,False,False,False,True,False,False,False,False,True,False,1
29,0,61.7,75.69,435056,True,False,False,False,False,False,True,False,False,False,False,False,True,1
29,0,64.11,82.68,236353,True,False,False,False,True,False,False,False,False,False,True,False,False,1
26,0,66.49,97.02,421210,False,True,False,False,False,False,True,False,False,False,False,False,True,1
24,0,62.11,84.73,156099,True,False,False,False,False,False,True,False,False,True,False,False,False,0
29,0,57.55,71.86,643758,True,False,False,False,False,True,False,False,False,False,True,False,False,0
26,0,62.89,85.94,236293,True,False,False,True,False,False,False,False,False,False,False,False,True,0
21,0,79.79,91.65,191120,False,True,False,False,False,False,True,False,False,False,False,True,False,1
20,0,68.15,94.2,631184,True,False,False,False,True,False,False,False,False,True,False,False,False,0
29,0,67.87,90.42,372632,True,False,False,False,True,False,False,False,False,False,False,True,False,0
22,0,84.45,78.11,433181,True,False,False,True,False,False,False,False,False,False,False,False,True,1
24,0,71.3,90.16,167863,False,True,False,False,True,False,False,False,False,True,False,False,False,1
24,0,68.04,68.01,265732,False,True,False,False,False,False,True,False,False,True,False,False,False,1
19,0,49.33,72.22,304879,True,False,False,False,True,False,False,False,False,False,False,True,False,0
29,0,63.44,82.41,570469,True,False,False,False,True,False,False,False,False,False,False,False,True,0
19,0,63.98,78.76,324099,True,False,False,False,False,True,False,False,False,False,False,False,True,0
29,0,65.83,75.33,208502,False,True,False,False,False,False,True,False,False,False,True,False,False,1
17,0,99.8,94.61,364709,True,False,False,False,False,False,True,False,False,True,False,False,False,1
20,0,65.65,64.22,298449,True,False,False,False,False,False,False,True,False,False,False,True,False,1
24,0,82.12,94.57,259543,False,True,False,False,True,False,False,False,False,True,False,False,False,0
29,0,87.51,60.0,753084,False,True,False,False,False,False,False,False,True,True,False,False,False,0
22,0,60.73,90.21,97236,False,True,False,False,True,False,False,False,False,False,False,True,False,0
18,0,84.1,69.41,280853,True,False,False,False,True,False,False,False,False,False,False,False,True,1
27,0,83.6,100.0,147483,True,False,False,False,False,False,True,False,False,False,True,False,False,1
30,0,59.23,92.99,157967,False,True,False,False,False,False,True,False,False,False,False,False,True,0
23,0,72.23,82.76,281477,False,True,False,False,False,True,False,False,False,False,True,False,False,1
25,0,91.59,76.51,352080,True,False,False,False,True,False,False,False,False,True,False,False,False,0
18,0,63.3,72.8,453206,True,False,False,False,False,False,False,False,True,False,False,False,True,0
27,0,68.89,71.91,496313,False,True,False,False,False,False,False,True,False,False,True,False,False,0
20,0,63.21,70.72,706653,True,False,False,False,False,True,False,False,False,True,False,False,False,0
19,0,78.93,85.13,326553,False,True,False,False,True,False,False,False,False,False,False,True,False,0
24,0,92.63,74.59,680399,False,True,False,False,False,False,False,True,False,False,False,True,False,0
18,1,82.43,81.09,167861,False,True,False,True,False,False,False,False,False,False,False,True,False,1
22,0,67.28,72.88,211247,False,True,False,True,False,False,False,False,False,True,False,False,False,1
25,0,62.55,98.52,388272,True,False,False,False,False,False,False,False,True,False,False,False,True,0
17,0,57.86,80.74,377392,False,True,False,False,False,False,True,False,False,False,False,True,False,0
20,1,56.39,80.5,147349,False,True,False,False,True,False,False,False,False,False,False,False,True,1
23,0,85.95,81.8,273442,True,False,False,False,False,False,True,False,False,False,False,True,False,1
26,0,74.45,78.79,74892,True,False,False,False,False,False,False,False,True,True,False,False,False,1
21,0,82.65,89.66,467240,False,True,False,False,False,False,True,False,False,False,False,False,True,0
20,0,100.0,91.46,308598,False,True,False,False,False,False,False,True,False,False,False,False,True,1
21,0,68.15,71.23,53167,True,False,False,False,False,False,False,True,False,False,False,True,False,1
17,0,60.75,96.55,520133,False,True,False,False,False,False,True,False,False,False,False,True,False,0
25,0,67.26,81.48,171085,False,True,False,False,False,False,False,False,True,False,False,True,False,1
29,0,83.57,77.18,477316,False,True,False,False,True,False,False,False,False,False,False,False,True,0
29,0,83.9,85.96,106530,True,False,False,False,True,False,False,False,False,True,False,False,False,1
17,0,68.42,67.85,307382,True,False,False,False,False,False,True,False,False,False,False,False,True,1
21,0,71.22,86.91,253970,False,True,False,False,True,False,False,False,False,False,False,False,True,0
17,0,68.12,62.91,74749,False,True,False,False,False,False,True,False,False,True,False,False,False,1
24,1,83.56,78.43,235478,True,False,False,False,True,False,False,False,False,True,False,False,False,1
27,0,87.44,86.9,310102,False,True,False,False,False,False,True,False,False,True,False,False,False,1
20,0,64.22,91.91,404106,False,True,False,False,False,True,False,False,False,False,False,False,True,0
21,0,60.58,74.13,40859,True,False,False,False,False,False,True,False,False,False,False,False,True,0
21,0,65.59,96.61,507526,False,True,False,False,True,False,False,False,False,False,False,False,True,0
30,0,57.49,75.09,381114,False,True,False,False,True,False,False,False,False,False,False,True,False,0
17,1,71.86,80.54,74316,True,False,False,False,True,False,False,False,False,False,False,True,False,1
25,0,54.09,88.41,143724,False,True,False,False,False,False,True,False,False,False,False,False,True,0
24,0,66.11,83.13,382170,False,True,False,False,False,False,True,False,False,False,False,True,False,1
25,0,58.38,90.07,528082,True,False,False,True,False,False,False,False,False,False,False,False,True,0
22,0,59.94,96.9,392567,False,True,False,False,False,False,True,False,False,True,False,False,False,0
21,0,79.82,83.49,176094,True,False,False,False,True,False,False,False,False,True,False,False,False,1
18,0,87.57,98.08,648900,False,True,False,False,False,False,False,True,False,False,False,False,True,0
24,0,70.05,87.96,517674,True,False,False,False,False,False,True,False,False,False,False,False,True,0
19,0,72.27,87.0,193222,True,False,False,True,False,False,False,False,False,False,False,False,True,1
23,0,66.47,93.22,513692,False,True,False,False,False,False,False,True,False,False,True,False,False,0
27,0,77.94,98.65,507894,True,False,False,False,True,False,False,False,False,False,True,False,False,0
27,0,63.62,89.48,497662,False,True,False,False,False,False,True,False,False,True,False,False,False,0
30,0,65.98,79.96,191957,False,True,False,False,False,True,False,False,False,False,False,True,False,1
26,0,70.27,84.23,279583,False,True,False,False,False,False,False,False,True,False,True,False,False,1
22,0,69.1,76.49,375571,False,True,False,True,False,False,False,False,False,True,False,False,False,1
18,0,91.29,80.74,220323,False,True,False,False,False,True,False,False,False,False,True,False,False,1
21,0,61.73,95.83,215704,False,True,False,False,False,False,True,False,False,True,False,False,False,0
27,0,59.42,85.67,271102,False,True,False,False,False,False,False,False,True,True,False,False,False,0
19,0,78.48,73.56,207020,True,False,False,False,False,True,False,False,False,True,False,False,False,1
21,0,87.2,68.95,164110,False,True,False,False,True,False,False,False,False,True,False,False,False,1
24,0,85.99,74.37,284181,False,True,False,False,False,False,True,False,False,False,False,False,True,1
24,0,62.88,76.09,125926,False,False,True,False,False,True,False,False,False,False,False,False,True,0
17,0,71.47,85.64,762986,False,True,False,False,False,False,False,False,True,True,False,False,False,0
24,0,80.02,89.36,432681,True,False,False,False,False,False,False,True,False,True,False,False,False,1
30,0,76.77,75.3,1446513,False,True,False,True,False,False,False,False,False,False,False,False,True,0
29,0,78.17,85.17,377279,True,False,False,True,False,False,False,False,False,False,False,False,True,1
17,0,54.08,86.39,269545,True,False,False,False,False,False,True,False,False,False,False,False,True,0
25,0,74.09,78.88,231849,True,False,False,False,False,False,True,False,False,False,False,False,True,1
26,0,64.89,80.69,311776,False,True,False,False,True,False,False,False,False,False,False,False,True,0
29,0,71.3,100.0,466321,False,True,False,False,True,False,False,False,False,False,False,True,False,0
26,0,49.53,83.86,177159,True,False,False,False,True,False,False,False,False,False,False,False,True,0
29,0,59.51,80.76,114412,True,False,False,False,False,False,True,False,False,True,False,False,False,0
29,0,56.96,81.68,166987,True,False,False,False,False,False,False,True,False,False,False,False,True,0
17,0,58.3,95.86,152942,False,True,False,False,True,False,False,False,False,False,False,False,True,0
25,0,86.86,96.11,211218,True,False,False,False,True,False,False,False,False,True,False,False,False,1
22,0,85.15,94.74,455090,True,False,False,False,False,True,False,False,False,True,False,False,False,0
28,0,71.7,89.41,287772,True,False,False,False,True,False,False,False,False,False,False,True,False,1
24,0,79.81,65.18,310807,True,False,False,False,True,False,False,False,False,False,True,False,False,0
21,0,68.26,89.82,379369,True,False,False,False,True,False,False,False,False,True,False,False,False,0
28,0,72.31,65.72,140518,True,False,False,False,False,False,True,False,False,False,False,False,True,1
28,0,61.79,76.18,96237,True,False,False,False,False,False,False,False,True,False,True,False,False,0
21,0,47.93,83.64,619900,True,False,False,False,False,False,False,False,True,False,True,False,False,0
18,0,67.84,98.04,108326,False,True,False,False,False,True,False,False,False,False,False,True,False,1
30,0,56.39,77.77,137961,False,True,False,False,True,False,False,False,False,True,False,False,False,0
23,1,68.7,93.16,146330,True,False,False,False,False,False,True,False,False,False,False,False,True,1
30,0,75.44,78.79,242683,True,False,False,True,False,False,False,False,False,True,False,False,False,1
26,0,60.48,94.19,346065,True,False,False,False,True,False,False,False,False,False,False,False,True,0
19,0,69.28,100.0,408854,True,False,False,False,False,True,False,False,False,False,True,False,False,1
26,0,80.51,73.91,127735,False,True,False,True,False,False,False,False,False,True,False,False,False,1
30,0,74.31,91.57,230478,True,False,False,False,True,False,False,False,False,False,False,False,True,1
20,0,66.06,86.99,189154,False,True,False,False,True,False,False,False,False,True,False,False,False,1
25,0,62.75,89.65,236676,False,True,False,False,True,False,False,False,False,False,True,False,False,0
21,1,63.82,98.45,275872,False,True,False,False,True,False,False,False,False,False,True,False,False,1
26,0,71.3,80.56,653327,False,True,False,False,False,False,True,False,False,False,False,False,True,0
26,0,66.9,72.66,324370,False,True,False,False,True,False,False,False,False,False,True,False,False,0
19,0,35.0,85.57,157183,False,True,False,False,False,False,False,True,False,False,True,False,False,0
22,0,68.76,76.19,437666,True,False,False,False,True,False,False,False,False,False,True,False,False,0
27,0,68.53,65.7,160430,False,True,False,False,False,False,True,False,False,True,False,False,False,1
29,0,67.7,84.34,253042,True,False,False,False,False,False,True,False,False,False,True,False,False,1
27,0,89.94,93.34,192797,True,False,False,True,False,False,False,False,False,False,False,False,True,1
23,0,73.28,82.38,163132,False,True,False,False,False,False,True,False,False,False,False,False,True,1
26,0,57.9,97.26,98939,False,True,False,False,False,False,True,False,False,True,False,False,False,0
22,0,63.91,93.07,442132,False,True,False,False,False,False,True,False,False,False,True,False,False,0
30,0,65.06,85.34,480388,True,False,False,False,False,True,False,False,False,True,False,False,False,0
29,0,81.53,78.73,378184,False,True,False,True,False,False,False,False,False,True,False,False,False,1
29,0,69.76,84.92,570596,True,False,False,False,False,False,True,False,False,False,False,True,False,0
22,0,77.48,86.29,433141,True,False,False,False,True,False,False,False,False,True,False,False,False,0
17,0,71.08,73.22,272491,False,True,False,False,True,False,False,False,False,False,False,True,False,0
29,0,70.09,82.42,255353,True,False,False,False,False,False,True,False,False,False,False,True,False,1
21,0,76.68,90.39,111936,False,True,False,False,False,False,True,False,False,False,False,False,True,1
29,0,94.03,83.44,131444,True,False,False,False,False,False,True,False,False,False,False,False,True,1
26,0,73.47,89.72,66474,True,False,False,False,True,False,False,False,False,False,True,False,False,1
19,0,68.37,70.83,711518,True,False,False,False,True,False,False,False,False,False,False,False,True,0
29,1,79.09,66.38,197629,True,False,False,False,False,False,True,False,False,False,False,False,True,1
30,1,88.95,85.2,215795,False,True,False,False,False,False,True,False,False,False,False,True,False,1
23,0,95.72,89.13,350470,True,False,False,False,False,False,False,True,False,False,True,False,False,1
22,0,74.45,77.0,683985,True,False,False,False,False,False,False,True,False,True,False,False,False,0
28,0,60.32,94.74,135258,False,True,False,False,True,False,False,False,False,True,False,False,False,0
18,0,85.73,100.0,271046,False,True,False,False,False,False,True,False,False,False,False,False,True,1
20,0,69.93,78.03,474891,True,False,False,False,True,False,False,False,False,False,False,False,True,0
18,0,60.89,81.9,509024,True,False,False,False,False,False,True,False,False,False,True,False,False,0
17,0,79.19,80.85,753377,False,True,False,False,False,True,False,False,False,False,False,False,True,0
28,0,84.46,90.41,390924,False,True,False,True,False,False,False,False,False,True,False,False,False,1
28,0,59.21,92.14,58605,False,True,False,False,False,False,True,False,False,False,False,False,True,0
26,0,60.85,71.76,314940,False,True,False,False,False,False,False,True,False,False,False,False,True,0
23,0,60.64,73.66,530931,False,True,False,False,False,False,True,False,False,True,False,False,False,0
30,0,54.99,87.53,460749,True,False,False,False,True,False,False,False,False,True,False,False,False,0
29,0,73.49,64.1,479319,False,True,False,False,False,False,True,False,False,False,False,False,True,0
26,0,69.8,90.06,254978,True,False,False,True,False,False,False,False,False,False,False,True,False,1
23,0,75.48,90.51,46290,True,False,False,False,False,False,True,False,False,True,False,False,False,1
19,0,78.69,77.43,917027,False,True,False,False,False,False,False,True,False,False,False,False,True,0
29,0,77.01,88.05,179074,True,False,False,False,False,False,True,False,False,True,False,False,False,0
29,0,60.08,95.12,154859,False,True,False,False,False,False,True,False,False,False,False,False,True,0
29,0,83.89,77.77,548217,False,True,False,False,False,False,False,False,True,False,False,True,False,0
19,0,89.44,85.5,747089,False,True,False,False,False,False,False,True,False,True,False,False,False,0
23,0,88.98,89.27,956431,False,True,False,False,False,False,True,False,False,False,True,False,False,0
17,0,73.71,83.65,389206,True,False,False,False,False,False,True,False,False,True,False,False,False,1
17,0,63.87,82.6,198129,True,False,False,False,False,False,False,False,True,False,False,True,False,1
23,0,67.54,68.0,262337,True,False,False,False,False,False,True,False,False,False,False,False,True,1
28,0,70.29,84.52,178401,True,False,False,False,False,False,True,False,False,False,False,True,False,1
25,0,75.06,78.17,415822,False,True,False,False,False,False,False,True,False,False,False,False,True,1
17,0,78.48,78.11,787830,False,True,False,False,False,False,False,True,False,True,False,False,False,0
29,0,66.58,84.73,290256,True,False,False,False,True,False,False,False,False,False,False,True,False,1
28,0,62.94,74.12,159704,False,True,False,False,False,False,True,False,False,False,True,False,False,0
23,0,69.7,84.69,383782,True,False,False,False,False,False,False,False,True,False,False,True,False,1
29,0,56.82,99.23,311709,False,True,False,False,True,False,False,False,False,True,False,False,False,0
29,0,74.24,83.1,117887,True,False,False,False,True,False,False,False,False,False,False,False,True,1
20,0,65.3,71.55,392987,True,False,False,False,False,False,False,True,False,False,False,False,True,1
21,0,84.56,89.33,107547,False,False,True,False,False,False,False,True,False,False,False,True,False,1
27,0,79.56,80.15,773547,False,True,False,False,False,False,False,True,False,False,False,True,False,0
21,0,67.06,70.24,262015,False,True,False,False,True,False,False,False,False,False,False,False,True,0
22,0,79.05,65.3,768096,True,False,False,False,True,False,False,False,False,True,False,False,False,0
17,1,64.04,83.7,431488,True,False,False,False,False,True,False,False,False,False,False,False,True,0
17,0,94.67,82.42,1159736,False,True,False,False,False,False,True,False,False,True,False,False,False,0
23,0,68.66,74.64,250842,False,True,False,False,True,False,False,False,False,False,False,False,True,0
27,0,74.83,85.49,265320,False,True,False,True,False,False,False,False,False,False,False,True,False,1
28,0,60.65,82.41,188990,False,True,False,False,False,False,False,False,True,False,False,True,False,0
24,0,85.53,93.32,154319,True,False,False,False,True,False,False,False,False,False,True,False,False,1
28,0,81.56,87.28,403560,True,False,False,False,True,False,False,False,False,False,False,False,True,0
19,0,61.06,84.76,127940,False,True,False,False,False,False,False,True,False,True,False,False,False,0
28,0,85.29,74.67,191503,True,False,False,False,True,False,False,False,False,True,False,False,False,1
20,0,95.43,79.09,408817,False,False,True,False,False,False,True,False,False,False,False,True,False,1
18,0,62.16,88.62,203686,False,True,False,False,False,False,True,False,False,False,False,False,True,0
19,0,61.18,92.32,220956,False,True,False,False,True,False,False,False,False,False,False,False,True,0
28,0,62.43,81.88,222632,False,True,False,False,False,True,False,False,False,False,False,False,True,0
28,0,80.61,71.38,69527,True,False,False,False,True,False,False,False,False,True,False,False,False,1
21,0,69.66,73.8,141196,False,True,False,False,False,False,False,True,False,False,False,True,False,1
28,0,93.98,86.75,598814,True,False,False,True,False,False,False,False,False,False,False,False,True,0
23,0,58.99,82.25,567036,True,False,False,True,False,False,False,False,False,False,False,False,True,0
19,0,49.11,71.43,321720,False,True,False,False,True,False,False,False,False,True,False,False,False,0
29,0,85.47,88.35,95174,False,True,False,False,False,False,True,False,False,False,False,False,True,1
25,0,62.31,92.08,633013,False,True,False,False,True,False,False,False,False,False,False,False,True,0
24,0,75.3,84.45,348713,False,True,False,False,False,False,False,True,False,True,False,False,False,1
18,1,72.61,73.79,88435,False,True,False,False,False,False,False,True,False,False,False,True,False,1
27,0,71.3,70.68,69034,False,True,False,False,False,False,True,False,False,True,False,False,False,1
21,0,88.84,65.6,175714,False,True,False,False,False,False,True,False,False,False,False,False,True,1
19,0,91.66,86.67,632663,False,True,False,False,True,False,False,False,False,False,False,False,True,0
23,0,68.51,80.6,70509,True,False,False,False,False,False,False,True,False,True,False,False,False,1
29,0,81.48,67.55,265823,False,True,False,False,True,False,False,False,False,False,True,False,False,1
29,0,59.57,73.69,251835,True,False,False,True,False,False,False,False,False,False,False,False,True,0
24,1,74.38,71.63,321666,True,False,False,False,False,False,True,False,False,False,True,False,False,1
26,0,60.78,90.6,223434,True,False,False,True,False,False,False,False,False,True,False,False,False,0
18,0,71.92,89.64,153687,True,False,False,False,False,False,True,False,False,False,False,False,True,1
22,0,78.23,76.25,424769,False,True,False,True,False,False,False,False,False,True,False,False,False,1
25,0,63.7,73.33,99002,True,False,False,False,False,False,True,False,False,False,False,False,True,0
25,0,78.04,73.76,324324,False,True,False,False,True,False,False,False,False,False,False,False,True,0
21,0,73.29,88.97,123069,True,False,False,True,False,False,False,False,False,True,False,False,False,1
24,0,72.92,86.27,302041,True,False,False,False,True,False,False,False,False,True,False,False,False,0
30,0,71.4,84.33,142868,True,False,False,False,False,False,False,True,False,False,True,False,False,1
26,0,62.46,84.45,401254,False,True,False,True,False,False,False,False,False,False,False,False,True,0
28,0,67.94,65.99,110048,True,False,False,False,True,False,False,False,False,False,False,False,True,1
21,0,71.57,80.46,874175,False,True,False,False,False,False,True,False,False,True,False,False,False,0
27,0,87.43,82.69,459671,False,True,False,False,True,False,False,False,False,True,False,False,False,0
23,0,72.89,79.04,313962,True,False,False,False,True,False,False,False,False,False,False,False,True,0
30,0,47.34,75.23,294465,True,False,False,False,False,False,True,False,False,True,False,False,False,0
24,0,69.82,76.9,282332,True,False,False,False,False,False,False,True,False,True,False,False,False,1
17,0,69.77,100.0,474829,True,False,False,True,False,False,False,False,False,False,True,False,False,0
27,0,60.17,79.83,102397,True,False,False,False,True,False,False,False,False,True,False,False,False,0
26,0,64.96,76.34,124865,True,False,False,False,True,False,False,False,False,True,False,False,False,0
21,0,78.81,82.24,1094005,True,False,False,False,False,False,True,False,False,False,False,False,True,0
19,0,66.54,90.58,366028,True,False,False,False,False,False,True,False,False,False,False,False,True,1
26,0,67.08,78.47,164707,False,True,False,False,False,False,True,False,False,False,False,False,True,1
24,0,51.45,82.16,445105,False,True,False,False,True,False,False,False,False,False,True,False,False,0
26,1,66.19,81.56,667050,False,True,False,False,False,False,True,False,False,False,False,True,False,0
20,0,71.3,66.79,168843,False,True,False,False,False,False,False,True,False,False,False,False,True,1
20,0,88.04,67.74,636711,True,False,False,False,False,False,True,False,False,False,False,False,True,0
18,0,65.6,67.64,207410,False,True,False,False,False,False,False,True,False,False,False,False,True,1
22,0,71.89,91.57,152198,False,True,False,False,False,False,True,False,False,False,False,False,True,1
23,0,70.4,70.11,165562,True,False,False,False,False,False,True,False,False,False,False,False,True,1
20,0,77.06,78.56,169946,True,False,False,False,True,False,False,False,False,False,False,False,True,1
26,0,84.14,73.32,122745,True,False,False,False,False,False,False,False,True,False,False,False,True,1
26,0,73.22,86.25,192023,True,False,False,False,False,False,True,False,False,False,False,False,True,1
24,0,57.52,86.98,82682,False,True,False,False,False,True,False,False,False,True,False,False,False,0
27,0,68.85,92.46,357677,True,False,False,False,True,False,False,False,False,False,False,False,True,0
26,0,92.09,81.48,469512,True,False,False,True,False,False,False,False,False,True,False,False,False,0
22,0,73.82,83.28,278003,True,False,False,False,False,True,False,False,False,False,False,False,True,1
28,0,77.49,97.05,150213,False,True,False,False,False,False,False,True,False,False,True,False,False,1
21,0,73.8,82.18,679755,False,True,False,False,False,False,False,True,False,False,False,False,True,0
26,0,76.01,84.26,193964,True,False,False,True,False,False,False,False,False,False,True,False,False,1
21,0,63.6,91.91,560629,True,False,False,False,False,False,True,False,False,False,False,True,False,0
28,0,57.15,89.31,345781,True,False,False,False,False,False,False,True,False,False,False,True,False,0
26,0,66.66,78.08,1001897,False,True,False,False,False,False,True,False,False,False,True,False,False,0
29,0,73.6,86.69,96723,False,True,False,False,False,False,False,True,False,False,False,False,True,1
26,0,100.0,84.86,116855,True,False,False,False,False,False,False,False,True,False,False,True,False,1
20,0,69.15,82.42,133258,True,False,False,False,True,False,False,False,False,False,True,False,False,1
17,0,63.19,55.31,197197,True,False,False,False,False,False,False,True,False,False,True,False,False,0
20,0,73.0,100.0,128704,False,True,False,False,False,False,True,False,False,False,False,False,True,1
19,0,52.03,75.68,498234,True,False,False,False,False,False,True,False,False,False,False,False,True,0
18,0,75.34,65.28,419316,False,True,False,False,False,False,True,False,False,False,False,False,True,1
27,0,65.39,75.5,296084,False,True,False,False,False,False,False,False,True,True,False,False,False,1
21,0,67.6,85.15,201403,False,True,False,False,False,False,True,False,False,False,False,False,True,1
24,0,80.54,77.69,200383,False,True,False,False,False,False,True,False,False,False,True,False,False,1
25,0,54.65,72.22,752804,True,False,False,True,False,False,False,False,False,False,False,False,True,0
24,0,90.25,100.0,231621,False,True,False,False,False,True,False,False,False,True,False,False,False,1
18,0,67.47,80.81,882812,True,False,False,False,False,False,True,False,False,True,False,False,False,0
17,0,65.94,73.32,188852,False,True,False,False,False,False,False,False,True,True,False,False,False,1
29,0,77.06,83.65,69072,True,False,False,False,True,False,False,False,False,False,False,True,False,1
23,0,71.1,87.41,125091,True,False,False,False,False,False,False,True,False,False,True,False,False,1
21,0,69.36,89.85,224339,True,False,False,False,False,False,True,False,False,False,False,False,True,1
22,0,48.83,96.68,390083,True,False,False,True,False,False,False,False,False,False,False,True,False,0
23,0,66.48,92.98,660982,True,False,False,False,False,False,True,False,False,False,False,False,True,0
29,0,66.02,94.46,288490,False,True,False,False,False,False,True,False,False,False,False,True,False,1
29,0,64.76,73.23,388904,True,False,False,False,False,False,True,False,False,False,False,False,True,0
17,0,63.07,73.7,475044,False,True,False,False,True,False,False,False,False,False,False,False,True,0
17,0,70.87,76.38,561087,False,True,False,False,False,True,False,False,False,False,False,True,False,0
24,0,98.48,56.78,146243,True,False,False,False,False,False,False,True,False,False,False,True,False,0
20,0,75.89,70.95,150997,False,True,False,False,True,False,False,False,False,False,False,True,False,1
19,0,79.59,76.73,218772,False,True,False,False,False,False,False,True,False,True,False,False,False,1
19,0,72.98,84.51,231531,True,False,False,False,True,False,False,False,False,False,False,True,False,1
23,0,79.03,71.77,598880,False,True,False,False,False,False,False,False,True,False,False,False,True,0
21,0,58.85,69.44,587339,True,False,False,False,False,False,False,False,True,False,False,False,True,0
27,0,64.8,76.91,346148,True,False,False,False,False,False,False,True,False,False,False,False,True,0
24,1,60.69,71.75,449323,False,True,False,False,False,True,False,False,False,True,False,False,False,0
19,0,76.82,76.16,707366,True,False,False,False,False,False,False,True,False,False,False,True,False,0
28,0,72.61,75.56,380122,True,False,False,False,False,False,False,True,False,False,False,True,False,1
29,0,69.52,100.0,51153,False,True,False,False,False,False,False,False,True,False,True,False,False,1
20,0,94.29,82.66,65481,False,True,False,False,True,False,False,False,False,True,False,False,False,1
28,0,62.68,90.29,312740,True,False,False,False,True,False,False,False,False,False,False,False,True,0
29,0,61.12,90.64,103800,False,True,False,False,True,False,False,False,False,False,True,False,False,1
24,0,68.26,85.76,295933,True,False,False,False,True,False,False,False,False,False,False,True,False,1
29,0,66.49,84.07,460161,False,True,False,False,False,False,False,False,True,True,False,False,False,0
23,0,72.81,75.62,1257909,True,False,False,False,False,False,True,False,False,False,False,True,False,0
25,0,89.04,65.82,619039,False,True,False,False,False,False,True,False,False,False,False,False,True,0
29,0,67.68,99.06,410847,True,False,False,False,False,False,True,False,False,False,True,False,False,1
30,0,72.22,69.64,265627,False,True,False,False,False,True,False,False,False,False,False,True,False,1
20,0,78.26,96.94,272803,False,True,False,False,False,False,False,True,False,False,False,True,False,1
24,0,64.35,83.27,397712,True,False,False,False,True,False,False,False,False,False,False,True,False,0
20,0,57.74,87.83,379723,True,False,False,False,False,False,False,True,False,False,False,False,True,0
24,0,63.45,75.32,149363,False,True,False,False,False,False,True,False,False,False,True,False,False,0
18,0,72.37,86.1,168334,True,False,False,False,True,False,False,False,False,False,True,False,False,1
18,0,86.64,81.76,1094336,False,True,False,False,False,False,True,False,False,True,False,False,False,0
20,0,76.37,76.6,183761,False,True,False,False,True,False,False,False,False,False,True,False,False,1
25,0,81.2,100.0,1500000,True,False,False,False,False,False,False,True,False,False,True,False,False,0
18,0,82.75,84.46,323118,False,True,False,False,True,False,False,False,False,False,False,False,True,0
22,0,60.56,88.2,142945,False,True,False,True,False,False,False,False,False,False,False,False,True,0
23,0,56.1,94.63,345517,True,False,False,False,False,False,True,False,False,True,False,False,False,0
20,0,61.45,90.33,152162,True,False,False,False,False,False,False,False,True,False,True,False,False,0
25,0,59.92,63.53,94463,False,True,False,True,False,False,False,False,False,False,True,False,False,0
20,0,81.7,76.06,463615,False,True,False,False,False,False,False,True,False,True,False,False,False,0
26,0,84.56,82.3,257391,True,False,False,False,False,False,False,True,False,False,False,False,True,0
26,0,83.63,78.91,55833,False,False,True,False,False,False,True,False,False,False,False,True,False,1
18,0,52.25,68.73,204619,True,False,False,False,True,False,False,False,False,False,False,False,True,0
24,0,63.99,94.8,168940,False,True,False,False,False,False,True,False,False,False,False,True,False,0
26,0,77.52,81.59,396233,False,True,False,False,False,False,True,False,False,False,False,True,False,1
20,0,74.21,86.22,500833,False,False,True,False,False,True,False,False,False,False,False,False,True,0
25,0,64.51,65.95,137327,False,True,False,False,True,False,False,False,False,False,False,False,True,0
27,0,50.14,93.26,261894,True,False,False,True,False,False,False,False,False,False,True,False,False,0
18,0,63.81,82.4,492418,False,True,False,False,False,False,True,False,False,False,False,True,False,0
19,0,74.26,85.76,243033,True,False,False,False,False,False,True,False,False,False,False,False,True,1
29,0,61.01,80.1,495912,True,False,False,False,False,False,False,False,True,False,False,False,True,0
23,0,98.34,99.49,126036,False,True,False,False,True,False,False,False,False,False,True,False,False,1
17,0,80.23,85.47,760751,False,True,False,False,True,False,False,False,False,False,False,False,True,0
26,0,55.87,73.57,1384494,True,False,False,False,False,False,False,True,False,True,False,False,False,0
27,0,66.48,81.26,255082,False,True,False,False,True,False,False,False,False,False,False,False,True,0
27,0,59.52,100.0,370081,True,False,False,False,False,True,False,False,False,False,False,True,False,0
18,0,60.19,63.59,123831,False,True,False,False,False,False,False,True,False,False,False,False,True,0
22,0,77.71,100.0,202878,True,False,False,True,False,False,False,False,False,False,True,False,False,1
29,0,69.04,87.8,278866,False,True,False,True,False,False,False,False,False,False,False,True,False,1
23,0,69.61,74.65,274516,True,False,False,False,False,False,True,False,False,False,False,False,True,1
29,0,78.22,75.55,407492,True,False,False,False,False,False,True,False,False,False,True,False,False,1
25,0,88.31,75.39,849254,False,True,False,False,False,False,True,False,False,False,False,True,False,0
25,0,76.32,75.77,993076,False,True,False,False,True,False,False,False,False,False,True,False,False,0
22,0,69.99,76.47,226496,True,False,False,False,True,False,False,False,False,False,False,True,False,1
21,0,64.21,78.95,357339,True,False,False,False,True,False,False,False,False,False,False,False,True,1
22,0,73.33,95.96,241368,False,True,False,False,True,False,False,False,False,False,False,True,False,1
28,0,88.81,83.27,795477,False,True,False,False,False,False,True,False,False,False,False,True,False,0
27,0,83.92,73.04,398235,True,False,False,True,False,False,False,False,False,True,False,False,False,1
30,0,80.05,78.79,781371,True,False,False,True,False,False,False,False,False,False,False,False,True,0
18,0,73.22,82.1,275825,False,True,False,False,False,False,False,False,True,True,False,False,False,1
24,0,86.1,80.7,123535,True,False,False,False,False,True,False,False,False,False,False,True,False,1
20,0,77.67,79.46,79050,False,True,False,False,False,False,True,False,False,False,False,True,False,1
20,0,72.2,73.53,506582,True,False,False,False,False,False,False,True,False,False,True,False,False,0
24,0,71.37,95.53,70814,False,True,False,True,False,False,False,False,False,False,False,False,True,1
18,0,81.02,74.63,106401,True,False,False,False,True,False,False,False,False,False,False,False,True,1
20,0,88.87,75.9,267425,True,False,False,False,False,False,True,False,False,False,False,False,True,1
22,0,95.0,86.76,456411,False,False,True,False,True,False,False,False,False,False,False,False,True,0
27,0,90.76,80.86,497787,False,True,False,False,True,False,False,False,False,False,False,False,True,0
30,0,64.55,84.05,715484,False,True,False,False,True,False,False,False,False,False,False,False,True,0
22,0,53.69,84.46,636408,False,True,False,False,False,True,False,False,False,False,False,True,False,0
28,0,69.93,88.7,518108,False,True,False,True,False,False,False,False,False,True,False,False,False,0
17,0,72.3,88.77,315356,False,True,False,False,True,False,False,False,False,True,False,False,False,0
30,0,68.52,82.42,298784,True,False,False,False,False,False,True,False,False,True,False,False,False,1
26,0,44.52,91.77,226345,False,True,False,False,False,False,False,True,False,False,False,True,False,0
19,0,59.66,87.52,181326,True,False,False,False,False,False,False,True,False,False,False,False,True,0
28,0,68.73,82.09,458614,False,True,False,False,True,False,False,False,False,False,True,False,False,0
24,0,48.36,81.56,1041270,False,True,False,False,False,False,True,False,False,False,False,False,True,0
22,0,69.87,100.0,621252,True,False,False,False,True,False,False,False,False,False,False,False,True,0
18,0,84.63,76.91,280720,False,True,False,False,True,False,False,False,False,False,False,False,True,0
18,0,79.57,83.3,656457,False,True,False,False,False,False,True,False,False,False,False,True,False,0
20,0,88.89,84.8,120221,True,False,False,True,False,False,False,False,False,False,False,True,False,1
17,0,69.79,79.18,203120,False,True,False,False,True,False,False,False,False,False,False,False,True,1
26,0,77.7,83.51,432320,False,True,False,False,False,False,True,False,False,False,True,False,False,1
19,0,67.84,87.31,155263,True,False,False,False,True,False,False,False,False,False,True,False,False,1
18,0,82.87,80.88,815359,True,False,False,False,False,True,False,False,False,False,True,False,False,0
27,0,71.3,92.08,170880,True,False,False,False,True,False,False,False,False,True,False,False,False,1
26,0,80.18,78.03,317671,True,False,False,False,True,False,False,False,False,False,True,False,False,0
27,0,62.06,84.06,311009,False,True,False,True,False,False,False,False,False,False,False,False,True,0
24,0,57.91,99.19,180012,False,True,False,False,False,False,True,False,False,True,False,False,False,0
29,0,59.45,84.07,139291,True,False,False,False,False,True,False,False,False,False,False,False,True,0
22,0,71.87,66.04,1052067,True,False,False,False,False,False,True,False,False,True,False,False,False,0
21,0,76.32,80.57,578158,False,True,False,True,False,False,False,False,False,False,False,False,True,0
27,0,72.12,77.57,803721,True,False,False,False,True,False,False,False,False,True,False,False,False,0
21,0,67.58,77.05,218150,False,True,False,False,True,False,False,False,False,True,False,False,False,1
18,1,78.16,89.15,146571,False,True,False,False,False,False,True,False,False,False,False,False,True,1
25,0,70.24,100.0,52322,False,True,False,False,False,True,False,False,False,False,False,False,True,0
20,0,61.91,85.59,859044,True,False,False,False,False,False,False,False,True,True,False,False,False,0
25,0,76.75,96.73,811619,True,False,False,False,True,False,False,False,False,True,False,False,False,0
19,0,67.72,82.35,295439,False,True,False,False,False,False,True,False,False,True,False,False,False,1
27,0,94.75,82.06,267350,True,False,False,False,False,False,True,False,False,True,False,False,False,1
22,0,77.47,90.33,293928,True,False,False,False,False,False,False,True,False,True,False,False,False,1
17,0,85.25,84.71,738629,True,False,False,False,True,False,False,False,False,True,False,False,False,0
29,0,68.79,73.97,148569,True,False,False,True,False,False,False,False,False,True,False,False,False,1
19,0,82.27,91.33,695458,False,False,True,False,False,False,False,True,False,False,True,False,False,0
25,0,72.88,100.0,99339,False,True,False,False,False,False,False,True,False,False,True,False,False,1
27,0,67.56,90.53,663502,True,False,False,False,False,False,False,False,True,False,False,False,True,1
25,0,86.08,100.0,266397,False,True,False,True,False,False,False,False,False,False,False,True,False,1
25,0,86.1,96.7,299756,False,True,False,False,True,False,False,False,False,False,False,True,False,0
18,0,66.7,83.78,365602,True,False,False,False,False,False,True,False,False,False,False,False,True,1
23,0,55.25,57.64,148739,False,True,False,False,False,False,True,False,False,True,False,False,False,0
24,0,66.74,83.34,294425,True,False,False,False,False,True,False,False,False,False,False,False,True,1
18,0,100.0,63.23,254463,True,False,False,False,False,False,False,True,False,False,False,False,True,1
23,0,63.79,63.36,1328248,True,False,False,False,False,True,False,False,False,False,False,True,False,0
26,0,62.34,78.45,108015,True,False,False,False,True,False,False,False,False,False,False,True,False,0
26,0,67.32,89.49,105452,True,False,False,False,True,False,False,False,False,True,False,False,False,1
26,0,64.12,76.99,174778,False,True,False,False,True,False,False,False,False,False,False,False,True,0
26,0,54.62,80.86,362402,True,False,False,False,False,False,True,False,False,False,False,False,True,1
24,0,81.63,86.42,44091,True,False,False,False,False,False,True,False,False,False,True,False,False,0
18,0,74.88,90.14,80643,False,True,False,True,False,False,False,False,False,False,True,False,False,1
20,0,88.08,83.68,380066,True,False,False,False,False,False,True,False,False,False,True,False,False,1
28,0,82.8,80.08,302770,False,True,False,False,False,False,True,False,False,True,False,False,False,1
30,0,71.3,66.22,204628,True,False,False,False,False,False,True,False,False,False,False,False,True,1
30,0,82.77,87.96,1285518,True,False,False,False,False,False,False,True,False,False,False,False,True,0
25,0,81.42,97.72,435691,True,False,False,True,False,False,False,False,False,True,False,False,False,1
20,0,68.01,96.8,230484,False,True,False,False,False,False,True,False,False,False,False,False,True,1
22,0,72.35,77.37,170391,True,False,False,False,False,False,False,False,True,True,False,False,False,1
23,0,81.55,86.78,494651,True,False,False,False,False,False,True,False,False,True,False,False,False,0
26,0,90.12,77.26,147502,True,False,False,False,True,False,False,False,False,True,False,False,False,1
27,0,87.23,81.91,513455,False,True,False,False,True,False,False,False,False,False,False,False,True,0
28,0,75.9,81.03,839383,True,False,False,False,False,False,False,True,False,False,False,False,True,0
24,0,74.98,98.99,260280,True,False,False,False,True,False,False,False,False,False,False,False,True,1
18,0,61.57,71.85,311523,False,True,False,False,False,False,True,False,False,False,False,False,True,0
21,0,69.69,67.93,388377,True,False,False,False,False,False,False,False,True,True,False,False,False,1
17,0,64.85,94.61,296597,False,True,False,False,True,False,False,False,False,True,False,False,False,0
26,0,59.21,77.07,238981,True,False,False,False,True,False,False,False,False,False,True,False,False,0
30,0,51.0,97.94,280800,False,True,False,True,False,False,False,False,False,False,True,False,False,0
17,0,68.44,68.04,227853,False,True,False,False,False,True,False,False,False,False,False,False,True,1
26,0,67.56,78.7,101503,True,False,False,False,True,False,False,False,False,False,False,False,True,1
29,0,82.65,96.26,224346,False,True,False,False,False,False,False,False,True,False,True,False,False,1
27,0,55.34,87.14,929883,False,True,False,False,True,False,False,False,False,False,True,False,False,0
29,0,54.34,74.31,152541,False,True,False,False,True,False,False,False,False,False,False,False,True,0
18,0,48.59,69.15,446649,True,False,False,False,False,False,False,True,False,False,False,False,True,0
19,0,93.74,85.11,193502,False,True,False,True,False,False,False,False,False,False,False,False,True,1
29,0,73.31,80.91,805739,True,False,False,False,True,False,False,False,False,False,False,False,True,0
26,0,69.0,91.93,206073,False,True,False,False,False,False,True,False,False,False,False,False,True,1
29,1,70.28,63.74,165792,True,False,False,False,False,False,False,True,False,False,False,False,True,1
19,0,64.09,82.01,447339,False,True,False,False,False,True,False,False,False,False,False,False,True,0
29,0,75.57,87.22,312369,True,False,False,False,False,False,True,False,False,True,False,False,False,1
26,0,53.35,88.41,329818,True,False,False,False,False,False,True,False,False,False,False,False,True,0
29,0,62.12,87.37,271186,False,True,False,False,True,False,False,False,False,False,False,False,True,0
20,0,69.98,83.65,151658,False,True,False,False,False,False,False,True,False,False,False,True,False,1
17,0,71.48,85.4,234618,True,False,False,False,False,False,True,False,False,False,False,False,True,1
25,0,70.43,75.25,138173,False,True,False,False,True,False,False,False,False,True,False,False,False,1
21,0,94.25,71.42,149453,True,False,False,False,False,False,True,False,False,True,False,False,False,1
24,0,61.9,72.44,206964,True,False,False,False,False,False,False,True,False,True,False,False,False,0
22,0,74.52,76.61,347743,False,True,False,False,False,False,False,False,True,False,True,False,False,1
18,0,71.53,83.42,304320,False,True,False,True,False,False,False,False,False,False,False,True,False,1
24,1,71.3,90.0,373271,True,False,False,True,False,False,False,False,False,True,False,False,False,1
30,0,62.62,100.0,225189,False,True,False,False,True,False,False,False,False,False,False,True,False,0
28,0,73.55,80.63,184210,False,True,False,False,True,False,False,False,False,False,False,True,False,1
24,0,60.79,82.42,243020,True,False,False,False,False,False,False,True,False,True,False,False,False,0
21,0,87.72,81.33,264007,True,False,False,False,False,False,False,False,True,False,False,False,True,1
23,0,48.95,75.88,658166,True,False,False,False,False,False,True,False,False,False,False,True,False,0
21,0,72.72,79.58,345298,False,True,False,False,False,False,False,False,True,False,False,True,False,0
23,0,89.46,84.18,62504,True,False,False,False,False,False,True,False,False,False,False,False,True,1
19,0,69.07,100.0,392588,False,True,False,False,True,False,False,False,False,True,False,False,False,0
19,0,78.16,70.73,321814,True,False,False,False,False,False,False,True,False,True,False,False,False,1
29,0,86.2,92.73,294133,True,False,False,False,False,False,False,True,False,False,True,False,False,1
22,0,99.42,73.24,502371,True,False,False,False,False,True,False,False,False,False,False,False,True,0
18,0,78.0,86.5,377787,False,True,False,False,False,False,False,False,True,False,False,False,True,1
28,0,62.88,82.42,297439,True,False,False,False,True,False,False,False,False,True,False,False,False,0
28,0,86.37,72.26,249755,False,True,False,False,False,False,True,False,False,False,False,False,True,1
20,0,62.11,74.52,557322,False,True,False,False,False,False,True,False,False,False,False,True,False,0
22,0,79.59,83.21,311638,False,True,False,False,True,False,False,False,False,False,False,False,True,0
25,0,77.56,82.93,90143,True,False,False,False,True,False,False,False,False,False,False,True,False,1
22,0,67.27,95.91,219717,False,True,False,False,False,False,False,False,True,True,False,False,False,1
27,0,87.68,92.49,187277,True,False,False,False,False,False,False,True,False,False,False,False,True,1
21,0,87.49,76.29,202533,True,False,False,False,True,False,False,False,False,True,False,False,False,1
29,0,54.02,89.42,1500000,True,False,False,False,False,False,False,True,False,True,False,False,False,0
17,0,65.68,85.33,233944,False,True,False,True,False,False,False,False,False,False,False,False,True,1
25,0,70.65,90.16,105177,True,False,False,False,True,False,False,False,False,False,False,False,True,1
25,0,79.12,90.74,152698,False,True,False,False,False,False,False,True,False,False,True,False,False,1
21,0,78.15,99.18,625364,True,False,False,False,False,True,False,False,False,False,False,False,True,0
24,0,87.97,80.1,139534,False,True,False,False,False,False,True,False,False,False,True,False,False,1
18,0,84.57,76.88,379896,False,True,False,False,True,False,False,False,False,False,False,False,True,0
24,0,71.79,81.96,281299,True,False,False,False,False,True,False,False,False,False,False,True,False,1
19,0,79.93,87.8,817730,True,False,False,False,False,False,False,False,True,True,False,False,False,0
18,0,61.7,75.19,37627,True,False,False,False,False,True,False,False,False,False,False,False,True,0
19,0,75.37,87.78,218738,False,True,False,False,False,False,False,True,False,True,False,False,False,1
28,0,84.98,87.93,461814,False,True,False,False,False,False,True,False,False,False,False,True,False,0
21,0,61.28,95.83,234917,False,True,False,False,True,False,False,False,False,False,False,False,True,0
18,0,93.91,100.0,118603,True,False,False,False,False,False,True,False,False,True,False,False,False,1
25,0,67.76,82.43,658682,False,True,False,True,False,False,False,False,False,False,False,False,True,0
22,0,75.79,73.76,759557,True,False,False,False,False,False,True,False,False,False,False,True,False,0
27,0,75.57,69.45,463029,True,False,False,False,False,False,True,False,False,False,False,False,True,0
26,0,75.45,67.25,650499,True,False,False,False,False,True,False,False,False,False,False,True,False,0
28,0,57.0,78.91,173330,True,False,False,True,False,False,False,False,False,True,False,False,False,0
22,0,87.95,92.48,100130,True,False,False,False,False,False,False,False,True,True,False,False,False,1
28,0,61.34,74.81,94269,True,False,False,True,False,False,False,False,False,False,False,True,False,0
20,0,55.2,88.3,277497,False,True,False,False,False,False,False,True,False,False,False,False,True,0
26,0,66.48,86.47,241921,True,False,False,False,False,False,False,True,False,False,False,False,True,1
17,0,77.08,81.87,635899,True,False,False,False,True,False,False,False,False,False,False,False,True,0
29,0,80.2,58.41,580243,True,False,False,False,False,True,False,False,False,False,False,False,True,0
28,0,90.2,59.38,164092,False,True,False,False,True,False,False,False,False,False,True,False,False,1
30,0,71.3,64.97,185023,False,True,False,False,True,False,False,False,False,False,False,False,True,1
30,0,61.67,78.57,376774,True,False,False,False,True,False,False,False,False,False,False,False,True,0
27,0,94.86,73.05,302816,False,False,True,False,False,True,False,False,False,True,False,False,False,1
18,0,73.79,82.42,179879,False,True,False,False,True,False,False,False,False,True,False,False,False,1
28,0,78.98,95.39,316707,True,False,False,False,False,False,True,False,False,True,False,False,False,1
20,0,77.35,69.89,207170,True,False,False,False,False,True,False,False,False,False,False,False,True,1
30,0,70.03,82.42,228337,True,False,False,False,False,False,False,True,False,True,False,False,False,1
18,0,62.92,64.19,32932,True,False,False,False,True,False,False,False,False,False,False,False,True,0
23,0,72.64,90.57,203292,True,False,False,False,True,False,False,False,False,False,False,False,True,1
23,0,80.5,65.11,194536,True,False,False,False,True,False,False,False,False,False,False,False,True,1
22,0,67.47,93.56,88748,False,True,False,False,False,False,True,False,False,False,False,True,False,1
25,0,100.0,94.38,49392,True,False,False,False,True,False,False,False,False,False,False,True,False,1
18,0,70.92,69.91,74184,False,True,False,False,True,False,False,False,False,False,False,True,False,1
30,0,86.01,73.29,252153,True,False,False,False,False,True,False,False,False,False,False,False,True,1
27,0,74.63,79.3,57016,False,True,False,False,False,False,True,False,False,False,False,False,True,0
30,0,88.27,82.78,107552,True,False,False,False,True,False,False,False,False,False,False,True,False,1
24,0,54.41,68.69,192075,False,True,False,False,False,False,True,False,False,False,False,False,True,0
21,0,72.15,71.78,130430,True,False,False,False,False,False,True,False,False,True,False,False,False,1
29,0,69.25,72.05,257869,False,True,False,False,False,True,False,False,False,False,False,False,True,1
28,0,84.4,89.57,392065,False,True,False,False,True,False,False,False,False,False,True,False,False,0
20,0,38.31,85.63,189170,False,True,False,False,False,False,True,False,False,False,True,False,False,0
21,0,74.65,100.0,163887,False,True,False,True,False,False,False,False,False,False,False,True,False,1
21,0,67.08,67.94,230668,False,True,False,False,False,False,False,False,True,False,False,True,False,1
25,0,57.46,100.0,428665,False,True,False,False,False,False,True,False,False,False,False,False,True,0
30,0,76.87,83.98,148679,True,False,False,False,True,False,False,False,False,True,False,False,False,1
21,0,70.67,61.89,309045,False,True,False,False,False,False,True,False,False,False,False,True,False,1
28,0,75.41,81.73,1404380,False,True,False,False,False,False,False,False,True,False,True,False,False,0
22,0,76.2,77.66,537073,True,False,False,False,False,False,True,False,False,False,False,False,True,0
28,0,71.51,81.24,150590,False,True,False,False,False,False,False,True,False,False,True,False,False,1
20,0,73.84,95.1,356526,False,True,False,False,False,False,True,False,False,False,False,True,False,1
24,0,72.15,93.94,509443,True,False,False,True,False,False,False,False,False,False,False,False,True,0
24,0,65.75,86.1,1202433,False,True,False,False,False,False,True,False,False,False,False,True,False,0
27,0,90.63,85.28,590316,False,True,False,False,False,False,True,False,False,False,False,False,True,0
19,0,49.36,83.94,360620,False,True,False,True,False,False,False,False,False,False,False,True,False,0
21,0,79.33,77.14,647264,False,True,False,False,True,False,False,False,False,False,False,False,True,0
17,0,79.99,78.27,71354,False,True,False,False,True,False,False,False,False,False,False,True,False,1
30,0,58.13,86.37,466657,True,False,False,False,False,False,True,False,False,False,False,True,False,1
27,0,86.25,80.15,211768,True,False,False,True,False,False,False,False,False,True,False,False,False,1
30,1,69.32,94.05,139066,True,False,False,False,False,False,False,True,False,False,True,False,False,1
25,1,78.8,78.29,542119,False,True,False,False,False,False,True,False,False,False,False,False,True,1
17,0,71.24,64.17,119736,False,True,False,False,False,False,True,False,False,False,False,False,True,1
27,0,63.35,59.67,575280,True,False,False,False,False,False,True,False,False,True,False,False,False,0
25,0,75.7,68.88,1500000,False,True,False,False,False,False,True,False,False,True,False,False,False,0
30,0,73.08,81.24,308883,False,True,False,True,False,False,False,False,False,False,True,False,False,1
30,1,73.92,91.28,308579,False,True,False,False,False,False,True,False,False,False,False,False,True,1
19,0,57.37,56.82,525822,True,False,False,False,True,False,False,False,False,False,False,True,False,0
28,0,65.75,86.39,215997,False,True,False,False,False,False,False,True,False,False,False,False,True,1
18,0,63.24,61.8,170405,False,False,True,False,True,False,False,False,False,False,False,True,False,0
27,0,61.88,81.74,345032,False,True,False,False,False,False,True,False,False,False,True,False,False,0
22,1,79.62,63.94,168644,False,True,False,False,True,False,False,False,False,False,False,True,False,1
21,0,74.43,87.35,354875,False,True,False,False,True,False,False,False,False,False,True,False,False,0
24,1,85.68,60.4,296120,False,True,False,False,False,False,True,False,False,False,False,False,True,1
26,0,63.96,77.63,369868,True,False,False,False,False,False,False,False,True,False,False,True,False,0
28,0,90.39,82.42,220624,True,False,False,False,True,False,False,False,False,False,False,False,True,1
17,0,69.24,99.55,168429,True,False,False,False,True,False,False,False,False,False,False,False,True,1
29,0,58.31,89.61,125388,False,True,False,False,False,False,False,False,True,True,False,False,False,0
17,0,62.48,82.07,259959,True,False,False,False,False,False,True,False,False,False,False,True,False,0
18,0,49.84,96.41,339774,True,False,False,False,False,False,True,False,False,False,False,True,False,0
19,0,65.37,68.59,294189,True,False,False,False,False,False,True,False,False,False,True,False,False,1
23,0,70.84,67.37,747727,True,False,False,False,False,True,False,False,False,False,True,False,False,0
20,0,81.87,70.41,210363,False,True,False,False,False,False,True,False,False,False,False,True,False,1
20,0,71.89,78.56,186824,False,True,False,False,False,False,True,False,False,True,False,False,False,0
17,0,76.79,90.8,229351,True,False,False,False,False,False,True,False,False,False,False,True,False,1
24,0,67.79,95.9,233158,False,True,False,False,False,False,True,False,False,False,False,True,False,1
26,0,75.29,89.05,269825,True,False,False,False,False,False,False,True,False,False,False,False,True,1
20,0,66.09,92.03,865126,True,False,False,False,True,False,False,False,False,True,False,False,False,0
20,0,67.49,82.09,255423,False,True,False,False,True,False,False,False,False,False,False,False,True,0
25,0,54.92,79.57,150653,True,False,False,True,False,False,False,False,False,False,False,True,False,0
24,0,64.62,70.91,227738,False,True,False,False,False,False,True,False,False,False,False,False,True,0
19,0,62.69,60.01,435624,True,False,False,False,False,False,True,False,False,False,False,False,True,0
27,0,55.12,82.85,892484,True,False,False,False,False,True,False,False,False,True,False,False,False,0
30,0,75.11,89.33,246992,False,True,False,False,False,False,True,False,False,False,False,True,False,1
18,0,77.92,74.99,202935,False,True,False,False,False,False,False,True,False,True,False,False,False,1
18,0,74.77,94.26,234881,True,False,False,False,True,False,False,False,False,False,False,False,True,1
17,0,57.76,74.49,378854,True,False,False,False,False,False,True,False,False,False,False,False,True,0
23,0,44.76,89.71,647010,True,False,False,False,False,False,True,False,False,False,False,False,True,0
27,0,78.47,89.22,206305,True,False,False,False,False,False,True,False,False,False,False,False,True,1
28,0,56.53,81.63,172214,True,False,False,False,False,False,False,False,True,False,False,True,False,0
30,0,82.12,78.02,134526,False,True,False,False,True,False,False,False,False,False,False,False,True,1
18,0,74.76,89.32,696676,False,True,False,False,True,False,False,False,False,False,False,True,False,0
28,0,78.36,78.51,1354108,False,True,False,False,False,False,False,False,True,False,False,False,True,0
29,0,64.81,74.83,202363,False,True,False,False,False,False,True,False,False,False,False,False,True,0
29,0,74.79,87.82,293242,False,True,False,False,False,False,True,False,False,False,False,False,True,1
27,0,85.29,94.79,204150,True,False,False,False,True,False,False,False,False,False,False,False,True,1
19,0,54.6,73.07,127846,True,False,False,False,False,False,False,True,False,False,False,True,False,0
26,0,69.14,79.89,780233,True,False,False,False,True,False,False,False,False,False,False,False,True,0
19,0,57.22,82.1,92312,True,False,False,True,False,False,False,False,False,False,False,False,True,0
25,0,57.62,81.4,372490,False,True,False,False,True,False,False,False,False,False,False,False,True,0
30,0,51.05,75.09,53317,False,False,True,False,False,False,False,True,False,False,True,False,False,0
30,1,83.19,77.7,104918,True,False,False,False,False,True,False,False,False,False,True,False,False,1
24,0,82.72,89.45,127168,False,True,False,False,False,False,False,True,False,True,False,False,False,1
29,0,74.1,80.13,147973,True,False,False,False,False,True,False,False,False,False,False,False,True,1
17,0,75.41,87.24,463417,False,True,False,False,True,False,False,False,False,True,False,False,False,0
23,0,71.45,89.51,56980,True,False,False,False,True,False,False,False,False,False,False,True,False,1
26,0,77.1,86.4,395136,False,True,False,False,False,False,False,False,True,False,False,False,True,1
20,0,57.37,71.77,292906,False,True,False,False,False,False,True,False,False,False,False,True,False,0
30,0,70.24,87.19,194465,False,True,False,False,True,False,False,False,False,False,False,False,True,1
17,0,76.78,70.88,781667,True,False,False,False,False,False,True,False,False,True,False,False,False,0
17,0,76.78,73.35,386144,False,True,False,False,False,False,True,False,False,False,False,False,True,1
29,0,71.3,88.7,264072,True,False,False,False,False,False,True,False,False,True,False,False,False,0
18,0,73.39,79.31,398657,False,True,False,False,True,False,False,False,False,True,False,False,False,0
20,0,55.25,71.52,609785,False,True,False,False,True,False,False,False,False,False,False,False,True,0
28,0,96.99,77.81,154286,True,False,False,False,True,False,False,False,False,False,False,True,False,1
23,0,72.38,100.0,472830,False,True,False,False,True,False,False,False,False,True,False,False,False,0
19,0,74.43,72.56,98165,True,False,False,False,False,True,False,False,False,False,True,False,False,1
30,0,83.42,91.22,190830,False,True,False,False,True,False,False,False,False,False,False,False,True,1
17,0,44.03,83.4,172078,True,False,False,False,False,False,True,False,False,False,False,True,False,0
24,0,77.53,83.32,936414,True,False,False,False,False,True,False,False,False,False,False,False,True,0
26,0,65.34,87.73,165620,False,True,False,False,False,True,False,False,False,False,False,False,True,1
20,0,65.71,74.32,152685,False,True,False,False,False,False,False,False,True,True,False,False,False,1
19,0,64.26,65.75,209800,False,True,False,False,False,False,False,True,False,False,False,False,True,0
20,0,58.53,59.48,388260,False,True,False,True,False,False,False,False,False,False,False,False,True,1
30,0,88.16,86.5,283582,False,True,False,False,True,False,False,False,False,False,False,True,False,0
20,0,51.57,86.03,174871,False,True,False,False,False,True,False,False,False,False,False,False,True,0
23,0,50.22,86.79,608444,True,False,False,False,False,False,True,False,False,False,False,True,False,0
21,0,79.06,84.42,104064,True,False,False,False,False,True,False,False,False,True,False,False,False,1
18,0,89.99,64.54,137499,False,True,False,False,True,False,False,False,False,True,False,False,False,1
27,0,84.94,58.32,154078,True,False,False,False,False,True,False,False,False,False,False,False,True,0
24,0,59.19,90.72,67025,True,False,False,False,True,False,False,False,False,True,False,False,False,0
27,0,56.7,93.93,372948,False,True,False,False,True,False,False,False,False,False,False,False,True,0
22,0,97.66,82.82,392522,False,False,True,False,False,False,False,True,False,False,False,False,True,1
27,0,86.65,98.88,184482,True,False,False,False,True,False,False,False,False,False,False,True,False,1
23,0,83.64,84.73,481407,True,False,False,True,False,False,False,False,False,False,False,False,True,0
21,1,67.66,87.79,372070,True,False,False,False,True,False,False,False,False,True,False,False,False,1
21,0,78.27,81.96,200662,True,False,False,False,False,False,True,False,False,False,False,False,True,1
24,0,65.31,82.7,365771,False,True,False,False,False,False,True,False,False,False,False,False,True,1
17,0,64.15,92.69,135170,True,False,False,False,False,False,False,True,False,False,False,False,True,0
27,0,99.66,74.56,325148,True,False,False,False,False,False,False,False,True,False,False,False,True,1
29,0,71.7,76.52,1500000,False,True,False,True,False,False,False,False,False,False,False,False,True,1
17,0,76.58,98.88,212292,True,False,False,False,True,False,False,False,False,False,False,False,True,1
25,0,83.59,86.4,152322,True,False,False,False,True,False,False,False,False,False,False,True,False,1
17,0,68.45,87.22,366268,False,True,False,False,False,False,True,False,False,False,False,False,True,1
30,0,82.35,86.22,294783,False,True,False,False,False,False,True,False,False,False,True,False,False,1
17,0,75.07,94.46,745831,True,False,False,False,True,False,False,False,False,False,True,False,False,0
30,0,90.77,82.42,288824,False,False,True,False,False,False,True,False,False,False,False,False,True,1
30,0,71.3,73.05,390796,False,True,False,False,False,False,False,False,True,False,False,True,False,1
29,0,65.39,81.94,131286,True,False,False,False,False,False,False,True,False,False,False,False,True,1
23,0,65.01,82.42,175351,True,False,False,False,True,False,False,False,False,False,False,False,True,1
24,0,50.6,100.0,483194,False,True,False,False,True,False,False,False,False,False,False,False,True,0
27,0,44.86,93.6,88061,False,True,False,False,False,False,False,True,False,True,False,False,False,0
30,0,100.0,90.52,135272,True,False,False,True,False,False,False,False,False,True,False,False,False,1
19,0,52.87,84.55,554223,True,False,False,True,False,False,False,False,False,False,False,True,False,0
25,0,83.74,100.0,329533,True,False,False,False,False,False,False,False,True,False,True,False,False,1
22,0,71.3,73.72,461768,True,False,False,False,False,True,False,False,False,False,False,True,False,0
24,0,79.85,79.19,295186,True,False,False,False,False,False,False,True,False,True,False,False,False,1
20,0,53.05,88.86,154944,False,True,False,False,False,False,False,True,False,False,False,True,False,0
23,0,66.41,83.15,291829,False,True,False,False,False,False,False,True,False,True,False,False,False,1
27,0,80.14,79.71,332194,True,False,False,False,True,False,False,False,False,False,False,True,False,0
18,0,75.69,82.0,418150,False,True,False,True,False,False,False,False,False,True,False,False,False,1
29,0,75.97,80.45,295410,False,True,False,False,False,False,False,False,True,True,False,False,False,1
17,0,74.92,86.72,169112,False,True,False,False,True,False,False,False,False,False,True,False,False,1
30,0,69.82,82.42,202290,True,False,False,False,False,False,True,False,False,True,False,False,False,1
20,0,93.13,80.99,338355,False,True,False,False,False,False,True,False,False,False,False,False,True,1
28,0,77.15,63.46,373149,True,False,False,False,True,False,False,False,False,False,False,True,False,0
27,0,75.23,67.18,186848,False,True,False,False,False,False,True,False,False,False,False,False,True,1
29,0,76.84,92.73,961807,False,True,False,False,False,True,False,False,False,False,False,False,True,0
20,0,59.59,100.0,110217,False,True,False,False,False,False,True,False,False,False,False,False,True,0
23,0,96.36,96.45,263694,False,True,False,False,True,False,False,False,False,False,False,False,True,0
22,0,75.87,87.79,319425,True,False,False,False,True,False,False,False,False,False,False,False,True,1
29,0,75.54,89.9,147157,True,False,False,False,True,False,False,False,False,True,False,False,False,1
22,0,67.69,77.41,208934,True,False,False,False,False,False,True,False,False,False,False,False,True,1
25,0,68.53,84.41,448036,True,False,False,False,True,False,False,False,False,True,False,False,False,0
26,0,77.19,73.02,348044,False,True,False,False,False,True,False,False,False,True,False,False,False,1
17,0,81.06,68.29,50690,True,False,False,False,False,False,True,False,False,False,False,False,True,1
18,0,89.5,84.93,107677,True,False,False,False,True,False,False,False,False,False,False,False,True,1
17,0,67.35,66.68,288731,True,False,False,False,False,False,True,False,False,False,True,False,False,1
29,0,70.85,91.43,1450641,False,True,False,False,False,False,True,False,False,True,False,False,False,0
25,0,70.23,80.01,219172,False,True,False,False,False,False,False,True,False,False,False,False,True,1
19,0,89.89,85.84,72548,True,False,False,False,False,False,True,False,False,False,False,False,True,1
29,0,77.94,90.03,282317,True,False,False,False,False,False,True,False,False,False,True,False,False,1
29,0,84.28,62.18,96866,True,False,False,False,False,False,True,False,False,False,False,False,True,1
29,0,63.98,71.42,174708,False,True,False,False,True,False,False,False,False,True,False,False,False,0
22,0,84.24,76.28,212344,False,True,False,False,False,False,False,False,True,False,True,False,False,1
20,0,78.87,97.23,347378,False,True,False,False,True,False,False,False,False,False,False,False,True,0
18,0,72.13,90.34,132972,True,False,False,False,False,False,False,True,False,False,False,False,True,1
29,0,48.25,76.47,57088,False,True,False,False,False,False,True,False,False,True,False,False,False,0
25,0,81.62,99.85,154937,False,True,False,False,False,True,False,False,False,True,False,False,False,1
17,0,53.33,77.42,262609,False,True,False,False,False,False,False,True,False,False,False,True,False,0
27,0,70.76,82.28,353528,True,False,False,False,False,True,False,False,False,False,True,False,False,1
18,0,58.96,82.41,196784,False,True,False,False,False,False,False,False,True,False,False,False,True,0
21,1,60.34,82.9,150054,False,False,True,False,True,False,False,False,False,True,False,False,False,1
28,0,84.19,97.87,623374,False,True,False,False,False,False,False,True,False,True,False,False,False,0
17,0,55.78,85.66,322692,False,True,False,False,False,True,False,False,False,False,True,False,False,0
26,0,65.81,80.91,459672,False,True,False,False,False,False,True,False,False,False,False,False,True,0
22,0,74.11,88.7,180459,False,True,False,False,True,False,False,False,False,False,True,False,False,1
23,0,76.44,75.08,89696,True,False,False,False,False,False,False,True,False,False,False,False,True,1
29,0,61.77,80.51,211837,True,False,False,False,False,False,False,False,True,False,False,True,False,0
23,0,60.97,87.18,245787,True,False,False,False,False,False,True,False,False,False,False,False,True,0
28,0,75.63,96.09,157280,True,False,False,False,False,False,True,False,False,False,False,False,True,1
20,0,67.23,65.99,677140,True,False,False,False,False,False,True,False,False,False,False,False,True,0
17,0,77.21,83.68,68803,True,False,False,False,False,True,False,False,False,True,False,False,False,1
18,0,72.93,75.29,73353,True,False,False,False,False,False,True,False,False,True,False,False,False,1
29,0,59.65,96.16,413965,True,False,False,False,False,False,False,False,True,False,False,False,True,0
17,0,58.54,82.42,163756,False,True,False,False,False,False,True,False,False,False,True,False,False,0
20,0,68.26,86.31,210368,False,True,False,False,True,False,False,False,False,False,False,False,True,1
17,1,76.8,88.65,489358,True,False,False,False,False,False,True,False,False,True,False,False,False,0
19,0,81.3,92.69,312625,True,False,False,False,False,False,False,True,False,False,False,False,True,1
26,0,61.92,76.63,331841,False,True,False,False,False,False,False,False,True,True,False,False,False,0
21,0,48.39,88.55,277707,False,True,False,False,True,False,False,False,False,False,False,True,False,0
26,0,64.13,74.71,241032,False,True,False,True,False,False,False,False,False,False,False,True,False,0
26,0,58.8,88.92,286686,True,False,False,True,False,False,False,False,False,False,False,True,False,0
23,0,74.1,90.0,484626,True,False,False,False,True,False,False,False,False,False,True,False,False,1
25,0,59.9,88.82,309871,True,False,False,False,False,False,True,False,False,False,False,True,False,0
30,0,67.88,64.52,254065,True,False,False,False,False,False,False,True,False,True,False,False,False,1
22,0,75.22,72.82,161539,True,False,False,False,False,False,False,True,False,False,False,True,False,1
25,0,57.11,74.21,586590,True,False,False,False,False,True,False,False,False,False,True,False,False,0
19,1,80.55,77.2,650549,False,True,False,False,False,False,False,False,True,False,True,False,False,0
25,0,80.3,93.91,169344,True,False,False,False,False,False,True,False,False,False,False,True,False,1
22,0,100.0,85.95,648909,True,False,False,False,False,True,False,False,False,True,False,False,False,0
29,0,69.45,77.45,78823,True,False,False,False,False,False,True,False,False,True,False,False,False,0
25,0,70.12,59.78,579338,True,False,False,False,False,False,False,True,False,False,False,False,True,0
29,1,67.96,84.65,105763,False,True,False,False,True,False,False,False,False,False,True,False,False,1
27,0,100.0,93.81,144009,True,False,False,False,True,False,False,False,False,True,False,False,False,1
23,0,85.4,87.24,413328,False,True,False,False,True,False,False,False,False,False,False,True,False,0
28,0,70.35,83.89,727607,True,False,False,False,False,False,False,True,False,False,False,False,True,0
29,0,74.06,87.19,233566,True,False,False,False,False,False,False,True,False,False,False,True,False,1
24,0,58.07,83.03,598267,False,True,False,False,False,False,True,False,False,False,False,False,True,0
19,0,64.89,89.75,183434,True,False,False,False,False,False,True,False,False,False,False,False,True,0
19,0,65.9,80.62,238944,True,False,False,True,False,False,False,False,False,True,False,False,False,1
28,0,73.61,74.02,476884,True,False,False,True,False,False,False,False,False,False,True,False,False,0
21,0,57.92,81.47,171914,False,True,False,True,False,False,False,False,False,False,False,True,False,1
25,0,71.5,66.98,170817,True,False,False,False,True,False,False,False,False,False,True,False,False,1
30,0,71.74,76.09,793868,True,False,False,False,True,False,False,False,False,False,False,True,False,0
23,0,84.96,80.35,270341,True,False,False,True,False,False,False,False,False,False,True,False,False,1
22,0,70.6,79.44,482845,True,False,False,False,False,False,True,False,False,False,True,False,False,0
29,0,71.43,79.74,166440,False,True,False,False,True,False,False,False,False,True,False,False,False,1
26,0,63.45,77.42,311889,False,True,False,False,True,False,False,False,False,False,True,False,False,0
25,0,67.17,82.42,751785,True,False,False,False,False,True,False,False,False,False,False,True,False,0
23,0,63.59,94.09,436278,False,True,False,False,False,False,False,False,True,True,False,False,False,1
28,0,51.32,95.04,198429,True,False,False,False,False,False,False,True,False,False,False,True,False,0
22,0,67.03,88.45,173106,False,True,False,False,True,False,False,False,False,False,False,False,True,1
27,1,76.19,79.71,274623,True,False,False,False,False,False,True,False,False,False,False,False,True,0
22,0,51.91,79.45,154154,True,False,False,False,False,False,True,False,False,True,False,False,False,0
18,0,69.87,89.99,559292,True,False,False,False,True,False,False,False,False,False,False,False,True,0
24,0,69.7,81.27,869928,False,True,False,False,True,False,False,False,False,False,False,False,True,0
19,0,73.28,83.59,289701,True,False,False,False,True,False,False,False,False,True,False,False,False,1
29,0,87.52,77.16,141355,False,True,False,False,False,True,False,False,False,False,False,False,True,1
25,0,81.95,82.17,121023,False,True,False,False,False,False,False,False,True,False,True,False,False,1
25,0,69.98,86.77,1500000,True,False,False,False,False,True,False,False,False,False,False,False,True,0
19,0,61.28,72.01,347704,False,True,False,False,False,False,True,False,False,False,False,False,True,0
22,0,69.2,75.58,350955,False,True,False,False,False,False,True,False,False,False,True,False,False,1
30,0,74.63,97.91,451233,True,False,False,False,False,False,True,False,False,False,False,False,True,0
19,0,70.96,77.54,56382,False,True,False,False,False,False,True,False,False,False,False,False,True,1
26,0,62.46,100.0,213071,False,True,False,False,False,False,False,True,False,True,False,False,False,0
23,0,44.29,63.25,930673,False,True,False,False,False,False,False,True,False,True,False,False,False,0
24,0,61.98,90.16,143914,True,False,False,False,True,False,False,False,False,False,False,False,True,0
17,0,71.3,81.06,102083,True,False,False,True,False,False,False,False,False,False,True,False,False,1
24,0,81.65,77.68,96509,False,True,False,False,False,False,True,False,False,False,False,False,True,1
28,1,87.69,79.97,247684,False,True,False,False,False,False,True,False,False,False,True,False,False,1
17,0,63.13,83.68,418622,False,True,False,False,False,False,True,False,False,False,True,False,False,0
25,0,55.58,78.42,494425,True,False,False,False,True,False,False,False,False,True,False,False,False,1
18,0,69.53,82.42,300699,True,False,False,False,True,False,False,False,False,False,False,False,True,0
28,0,57.93,68.03,543946,False,False,True,False,False,False,False,True,False,False,False,False,True,0
24,0,76.47,74.08,958387,False,True,False,False,False,False,True,False,False,False,False,False,True,1
30,0,78.8,88.76,343360,False,True,False,False,False,False,True,False,False,False,False,True,False,1
25,0,62.19,80.34,98806,True,False,False,False,False,True,False,False,False,False,True,False,False,0
24,0,48.16,92.18,84229,False,True,False,False,True,False,False,False,False,False,False,True,False,0
20,0,71.82,84.33,166173,False,True,False,False,False,False,True,False,False,False,False,False,True,1
20,0,70.12,66.4,280274,False,True,False,False,False,False,True,False,False,False,False,False,True,1
25,0,65.6,88.02,477531,False,True,False,False,False,True,False,False,False,False,True,False,False,0
21,0,68.88,71.39,229367,True,False,False,False,True,False,False,False,False,False,False,False,True,1
20,0,51.42,89.32,429310,True,False,False,False,False,False,True,False,False,False,False,False,True,0
19,0,52.41,78.03,156345,True,False,False,False,False,False,False,True,False,True,False,False,False,0
25,0,54.15,98.6,178593,False,True,False,False,False,False,True,False,False,True,False,False,False,0
19,0,75.22,84.96,99827,False,True,False,False,True,False,False,False,False,False,False,False,True,1
30,0,77.8,70.52,183879,False,True,False,False,False,False,True,False,False,False,False,False,True,1
24,0,62.55,69.54,596599,True,False,False,False,False,False,True,False,False,False,False,False,True,0
21,0,74.7,83.8,156664,True,False,False,False,False,False,True,False,False,True,False,False,False,0
21,0,73.82,85.88,383015,False,True,False,False,True,False,False,False,False,False,False,False,True,1
22,0,65.2,90.24,578212,True,False,False,False,True,False,False,False,False,True,False,False,False,0
29,1,83.77,93.62,109586,True,False,False,False,False,False,True,False,False,True,False,False,False,1
20,1,69.9,84.01,721369,True,False,False,False,True,False,False,False,False,False,False,False,True,0
30,0,75.8,75.9,252949,False,True,False,False,False,False,False,True,False,False,False,False,True,1
19,0,82.57,88.11,141520,False,True,False,False,False,False,False,False,True,False,False,True,False,1
29,0,61.36,97.47,183618,False,True,False,False,False,False,False,True,False,False,False,False,True,0
28,0,62.9,82.73,90760,False,True,False,False,False,False,False,True,False,False,False,False,True,0
27,0,61.53,73.33,54675,False,True,False,False,False,False,True,False,False,False,False,False,True,0
24,0,64.5,88.34,164981,True,False,False,False,False,False,True,False,False,False,True,False,False,0
23,0,57.97,78.99,587058,False,True,False,False,False,False,True,False,False,False,False,True,False,0
26,0,61.94,94.54,415251,True,False,False,False,False,False,False,True,False,False,False,False,True,0
24,0,77.73,82.0,221672,True,False,False,False,False,False,False,False,True,False,False,False,True,1
27,0,73.28,83.51,168397,False,True,False,False,False,True,False,False,False,False,True,False,False,1
25,0,56.51,80.32,319637,False,True,False,False,False,False,False,True,False,False,True,False,False,0
30,0,82.98,89.57,101072,False,True,False,False,False,False,True,False,False,False,True,False,False,1
25,0,54.11,84.03,233066,False,True,False,False,False,False,True,False,False,False,False,False,True,0
20,1,76.85,100.0,289250,False,True,False,False,True,False,False,False,False,False,False,False,True,1
30,0,71.9,87.52,335585,True,False,False,False,False,False,True,False,False,True,False,False,False,1
21,0,91.39,69.2,767524,False,True,False,False,False,False,True,False,False,False,False,False,True,1
18,0,62.92,87.66,189105,False,True,False,False,False,False,False,True,False,True,False,False,False,0
21,0,82.77,79.07,287470,True,False,False,False,False,False,False,False,True,True,False,False,False,1
23,0,79.26,86.3,117343,True,False,False,False,False,False,False,True,False,False,False,True,False,1
26,0,80.42,90.45,198009,False,True,False,True,False,False,False,False,False,False,True,False,False,1
25,0,88.17,86.21,161352,False,True,False,False,False,False,True,False,False,True,False,False,False,1
28,0,93.73,70.85,54058,True,False,False,False,False,False,True,False,False,False,False,False,True,0
17,0,63.22,74.85,215727,False,True,False,False,False,False,False,True,False,False,True,False,False,0
27,0,45.93,86.31,317960,True,False,False,False,True,False,False,False,False,False,True,False,False,0
26,0,73.94,76.37,79733,True,False,False,False,False,False,False,True,False,False,False,False,True,1
23,0,75.6,78.37,244014,False,False,True,False,True,False,False,False,False,True,False,False,False,1
29,0,86.65,85.5,229634,False,True,False,False,False,False,True,False,False,False,True,False,False,1
25,0,82.54,96.89,237737,True,False,False,True,False,False,False,False,False,True,False,False,False,1
22,0,60.29,93.21,229747,True,False,False,False,True,False,False,False,False,False,False,True,False,0
18,0,73.03,97.16,479506,True,False,False,False,False,False,False,True,False,False,False,False,True,0
20,0,71.16,82.7,489363,False,True,False,False,False,False,False,True,False,False,False,True,False,0
26,0,67.31,97.29,569714,True,False,False,False,True,False,False,False,False,False,False,False,True,0
22,0,73.69,69.26,256600,True,False,False,False,False,False,False,True,False,False,False,True,False,0
23,0,78.79,77.83,334287,True,False,False,False,False,False,False,True,False,False,False,False,True,1
28,0,88.68,80.72,411999,True,False,False,False,True,False,False,False,False,False,False,True,False,0
29,0,59.09,100.0,213191,False,True,False,False,False,False,False,True,False,False,False,False,True,0
18,0,72.46,80.65,125970,True,False,False,True,False,False,False,False,False,False,False,False,True,1
20,0,76.08,64.55,73372,True,False,False,False,False,False,False,True,False,False,True,False,False,1
25,0,86.86,68.91,459425,False,True,False,True,False,False,False,False,False,True,False,False,False,0
18,0,65.92,85.91,410995,True,False,False,False,False,False,True,False,False,False,False,False,True,1
29,0,76.71,86.48,425113,True,False,False,False,False,False,False,True,False,True,False,False,False,1
17,0,73.99,91.37,128422,False,True,False,False,False,False,True,False,False,True,False,False,False,1
19,0,82.05,84.52,189848,False,True,False,True,False,False,False,False,False,True,False,False,False,1
19,0,78.96,69.61,159297,False,True,False,False,False,True,False,False,False,False,False,True,False,1
26,0,91.3,89.84,431153,False,True,False,False,True,False,False,False,False,False,True,False,False,0
20,0,67.15,62.69,139057,False,True,False,False,False,True,False,False,False,False,False,True,False,1
30,0,74.47,80.96,181671,True,False,False,False,False,True,False,False,False,True,False,False,False,1
23,0,84.21,68.58,230287,False,True,False,False,False,False,False,False,True,False,False,False,True,1
29,0,64.91,82.42,458839,False,True,False,False,False,True,False,False,False,False,False,False,True,0
20,0,81.14,75.97,233634,False,True,False,True,False,False,False,False,False,False,False,False,True,1
23,0,63.39,90.31,666807,True,False,False,True,False,False,False,False,False,True,False,False,False,0
28,0,61.53,84.37,175015,True,False,False,False,False,True,False,False,False,False,False,False,True,0
30,0,65.2,80.56,197903,True,False,False,False,False,False,False,False,True,False,False,False,True,1
18,0,80.57,65.72,71567,False,True,False,False,False,False,True,False,False,False,False,False,True,0
18,1,71.36,88.32,216191,True,False,False,False,True,False,False,False,False,True,False,False,False,1
18,0,61.45,85.75,375615,False,True,False,False,False,False,True,False,False,False,False,False,True,0
20,0,69.18,89.93,269702,True,False,False,False,False,False,False,True,False,False,False,True,False,1
29,0,74.29,90.55,256580,True,False,False,False,False,False,False,True,False,True,False,False,False,1
19,0,82.57,73.39,129325,False,True,False,True,False,False,False,False,False,False,False,False,True,1
26,0,93.89,93.5,364131,True,False,False,False,False,False,False,True,False,False,False,False,True,1
25,0,73.12,68.68,146272,True,False,False,False,False,False,True,False,False,True,False,False,False,1
23,0,67.57,87.44,1306762,True,False,False,True,False,False,False,False,False,False,False,False,True,0
18,0,77.56,78.16,192470,False,True,False,False,False,False,True,False,False,False,False,False,True,1
22,0,88.24,99.75,684649,False,True,False,False,False,False,True,False,False,False,False,False,True,0
25,0,66.45,72.64,736678,False,True,False,False,False,False,False,False,True,False,False,False,True,0
29,0,78.15,86.75,295137,False,True,False,False,False,False,True,False,False,False,False,False,True,1
25,0,69.16,88.3,391400,False,True,False,False,True,False,False,False,False,True,False,False,False,0
29,1,72.55,65.74,455060,False,True,False,False,True,False,False,False,False,False,True,False,False,0
18,0,78.39,69.71,499868,False,True,False,False,False,False,True,False,False,False,False,False,True,0
27,0,78.68,75.08,347018,True,False,False,False,False,False,False,False,True,False,True,False,False,1
29,0,65.38,67.99,245953,False,True,False,False,True,False,False,False,False,False,False,False,True,1
20,0,78.11,93.61,321376,True,False,False,False,False,False,False,True,False,False,True,False,False,1
29,0,54.16,86.63,472362,True,False,False,True,False,False,False,False,False,False,False,False,True,0
29,0,76.78,80.97,220786,False,True,False,False,False,False,False,True,False,False,False,True,False,1
25,0,80.15,59.82,79102,True,False,False,False,True,False,False,False,False,False,False,False,True,0
28,0,76.33,88.29,98300,True,False,False,True,False,False,False,False,False,False,False,True,False,1
30,0,81.77,77.88,149080,True,False,False,False,False,False,False,False,True,False,False,False,True,1
25,0,70.25,81.22,380369,True,False,False,False,False,False,True,False,False,False,False,False,True,1
26,0,71.3,64.56,891636,False,True,False,False,True,False,False,False,False,False,False,False,True,0
17,0,75.15,87.59,320048,True,False,False,False,True,False,False,False,False,False,True,False,False,0
26,0,96.17,99.13,464189,False,True,False,False,True,False,False,False,False,False,True,False,False,0
24,0,73.17,82.42,97663,True,False,False,False,False,False,False,False,True,False,False,True,False,0
18,0,54.95,92.91,201742,False,True,False,False,False,False,False,False,True,False,False,True,False,0
19,0,52.67,97.29,468870,False,True,False,False,False,False,True,False,False,False,False,False,True,0
27,0,48.85,94.96,315382,True,False,False,False,False,False,True,False,False,True,False,False,False,0
27,0,81.78,82.71,598309,True,False,False,False,False,False,True,False,False,True,False,False,False,0
17,0,60.78,74.75,379422,False,True,False,True,False,False,False,False,False,True,False,False,False,0
24,0,78.31,100.0,105258,False,True,False,False,False,False,False,False,True,True,False,False,False,1
28,0,76.53,90.04,366812,True,False,False,True,False,False,False,False,False,False,False,False,True,1
23,0,62.95,74.28,233264,True,False,False,False,False,False,True,False,False,False,False,True,False,0
26,0,56.55,72.32,493810,True,False,False,True,False,False,False,False,False,False,False,False,True,1
28,0,100.0,78.72,1204395,False,True,False,False,False,False,True,False,False,False,False,False,True,0
25,0,93.25,81.44,495731,False,True,False,False,True,False,False,False,False,False,True,False,False,0
30,0,70.75,80.45,688584,True,False,False,False,True,False,False,False,False,False,False,False,True,0
27,0,89.19,65.67,178906,False,True,False,False,False,False,False,True,False,True,False,False,False,1
30,0,65.13,88.82,105074,True,False,False,True,False,False,False,False,False,True,False,False,False,1
29,0,88.21,83.29,189088,True,False,False,False,False,False,True,False,False,True,False,False,False,1
23,0,55.9,88.04,172158,True,False,False,False,False,False,False,True,False,True,False,False,False,0
20,0,44.02,83.84,120459,False,True,False,False,True,False,False,False,False,False,False,True,False,0
20,0,72.2,76.15,282970,False,True,False,True,False,False,False,False,False,True,False,False,False,1
30,0,58.93,73.2,535724,True,False,False,True,False,False,False,False,False,False,True,False,False,0
24,0,70.37,77.0,289557,False,True,False,False,False,False,False,True,False,False,False,False,True,1
29,0,64.14,97.38,84462,False,True,False,False,True,False,False,False,False,False,False,False,True,0
28,0,67.28,93.39,536353,True,False,False,False,False,False,False,True,False,False,False,False,True,0
17,0,74.15,83.52,78077,True,False,False,False,True,False,False,False,False,True,False,False,False,1
18,0,88.9,73.53,66477,False,True,False,False,False,False,False,False,True,False,False,False,True,1
23,0,72.51,100.0,304838,True,False,False,False,False,False,False,True,False,False,False,False,True,1
28,0,87.31,77.09,515691,True,False,False,False,False,False,True,False,False,False,False,False,True,0
22,0,75.37,89.4,229617,True,False,False,True,False,False,False,False,False,False,True,False,False,1
30,0,61.54,81.46,1500000,True,False,False,False,True,False,False,False,False,False,False,True,False,0
25,0,64.67,72.36,78582,True,False,False,False,False,False,False,False,True,False,False,False,True,0
27,0,77.22,81.29,377517,False,True,False,False,True,False,False,False,False,False,False,True,False,1
17,0,91.22,70.48,154388,False,True,False,False,False,False,True,False,False,False,True,False,False,1
25,0,80.6,84.23,659310,False,True,False,True,False,False,False,False,False,False,False,False,True,0
29,0,61.24,65.03,144678,True,False,False,False,False,False,True,False,False,False,True,False,False,0
29,0,98.38,99.0,159794,False,True,False,False,False,True,False,False,False,True,False,False,False,1
17,0,51.74,77.3,308968,False,True,False,False,False,False,True,False,False,False,False,False,True,0
25,0,60.13,74.78,71999,True,False,False,False,True,False,False,False,False,True,False,False,False,0
26,0,69.26,85.97,182136,True,False,False,False,True,False,False,False,False,True,False,False,False,1
26,0,78.53,79.98,373613,True,False,False,False,False,True,False,False,False,False,False,True,False,1
22,0,98.82,62.14,108986,True,False,False,False,True,False,False,False,False,False,False,False,True,1
27,0,80.89,67.92,175816,True,False,False,False,False,True,False,False,False,True,False,False,False,1
17,0,72.87,79.86,402623,True,False,False,False,False,False,True,False,False,True,False,False,False,1
29,0,73.48,92.91,244596,True,False,False,False,False,False,True,False,False,True,False,False,False,1
21,0,72.6,79.07,299502,True,False,False,False,False,False,False,False,True,False,False,True,False,1
25,1,61.9,87.36,306183,True,False,False,False,False,False,True,False,False,False,True,False,False,1
20,0,57.96,70.28,858348,False,True,False,False,False,False,True,False,False,True,False,False,False,0
26,0,53.33,83.92,237211,True,False,False,False,False,False,True,False,False,False,False,True,False,0
18,0,45.39,75.09,62012,False,True,False,False,False,False,False,True,False,True,False,False,False,0
17,0,74.2,88.39,305037,True,False,False,True,False,False,False,False,False,True,False,False,False,1
17,0,67.35,87.01,304317,True,False,False,True,False,False,False,False,False,True,False,False,False,1
26,0,92.98,78.46,914273,True,False,False,False,False,False,False,False,True,False,False,False,True,0
29,0,70.58,86.28,411341,True,False,False,False,False,True,False,False,False,True,False,False,False,1
20,0,92.74,90.61,119021,True,False,False,False,False,False,True,False,False,False,False,True,False,1
25,0,61.63,63.23,309019,False,True,False,False,False,False,True,False,False,False,False,False,True,0
20,0,71.3,97.61,107307,True,False,False,True,False,False,False,False,False,False,False,False,True,0
17,0,75.45,66.84,78291,False,True,False,False,False,False,False,True,False,True,False,False,False,1
20,0,72.29,89.71,123158,False,True,False,False,True,False,False,False,False,False,False,True,False,1
17,0,45.49,82.5,56774,False,True,False,False,False,False,True,False,False,True,False,False,False,0
17,0,91.69,88.79,1242191,False,True,False,True,False,False,False,False,False,False,False,False,True,0
19,0,78.44,87.3,276313,False,True,False,True,False,False,False,False,False,False,False,True,False,1
18,0,85.33,77.81,160987,True,False,False,False,False,False,False,False,True,False,True,False,False,1
26,0,73.16,71.53,159208,True,False,False,False,False,True,False,False,False,False,False,False,True,1
29,0,81.65,76.88,394110,False,True,False,False,False,True,False,False,False,False,False,False,True,1
30,0,80.04,97.27,193305,False,True,False,False,False,False,True,False,False,False,False,False,True,1
21,0,70.15,88.08,49440,False,True,False,False,True,False,False,False,False,False,False,False,True,1
30,0,67.99,86.25,127102,False,True,False,False,False,False,True,False,False,False,True,False,False,1
30,0,69.72,87.53,1500000,True,False,False,False,False,False,False,False,True,False,False,False,True,0
18,0,84.85,85.58,287859,True,False,False,True,False,False,False,False,False,False,False,False,True,1
29,0,59.3,73.39,432968,False,True,False,False,False,False,False,True,False,False,False,False,True,0
18,0,54.08,81.49,451592,False,True,False,False,False,False,True,False,False,False,False,False,True,0
25,0,69.34,94.07,165918,False,True,False,False,True,False,False,False,False,True,False,False,False,1
30,0,74.02,81.62,102653,False,True,False,False,False,True,False,False,False,False,False,False,True,1
19,0,97.84,75.32,125669,True,False,False,False,True,False,False,False,False,False,False,True,False,1
30,1,60.82,82.56,378160,False,True,False,False,False,False,False,True,False,False,True,False,False,1
20,0,70.15,95.71,713996,False,True,False,False,False,False,True,False,False,False,False,True,False,0
23,0,90.65,63.75,306955,False,True,False,False,False,False,False,False,True,True,False,False,False,1
24,0,63.78,75.43,108186,True,False,False,False,False,True,False,False,False,True,False,False,False,0
18,0,67.65,92.46,251443,False,True,False,False,False,False,False,True,False,False,False,True,False,0
19,0,70.14,71.12,1095648,True,False,False,False,False,False,False,True,False,False,False,False,True,0
22,0,81.87,42.32,268924,False,True,False,False,True,False,False,False,False,False,False,False,True,0
19,1,100.0,97.2,106802,False,True,False,False,False,False,True,False,False,True,False,False,False,1
21,0,74.23,96.73,151436,True,False,False,False,True,False,False,False,False,True,False,False,False,1
21,0,71.3,94.43,681666,True,False,False,True,False,False,False,False,False,False,True,False,False,0
25,0,89.55,77.61,823019,False,True,False,False,False,False,False,False,True,False,False,False,True,0
25,0,82.38,81.71,90890,False,True,False,True,False,False,False,False,False,False,False,False,True,1
19,0,82.81,84.28,156064,True,False,False,False,False,False,True,False,False,False,False,False,True,1
22,0,64.81,76.6,119272,False,True,False,False,False,False,False,True,False,False,False,False,True,0
19,0,71.08,87.97,156805,False,True,False,False,False,False,True,False,False,False,False,True,False,1
19,0,88.32,100.0,324257,False,True,False,True,False,False,False,False,False,True,False,False,False,1
25,0,73.56,89.49,252391,False,True,False,False,False,False,True,False,False,False,True,False,False,1
19,0,91.84,84.12,67511,True,False,False,False,True,False,False,False,False,False,True,False,False,1
30,0,89.36,94.85,229797,False,True,False,False,False,True,False,False,False,False,False,True,False,1
18,0,78.11,84.78,122752,False,True,False,False,False,False,False,True,False,False,True,False,False,1
24,0,58.29,88.07,795078,True,False,False,False,False,False,True,False,False,True,False,False,False,0
28,0,46.36,59.8,671403,True,False,False,True,False,False,False,False,False,False,True,False,False,0
19,0,58.75,61.02,82078,False,True,False,False,True,False,False,False,False,False,False,False,True,0
23,0,65.63,85.19,79195,True,False,False,False,False,False,False,True,False,False,True,False,False,1
19,0,48.53,82.42,155189,False,True,False,False,False,False,False,True,False,False,False,False,True,0
20,0,71.3,91.6,171874,False,True,False,False,True,False,False,False,False,True,False,False,False,0
24,0,49.98,100.0,268833,False,True,False,False,False,False,False,False,True,False,True,False,False,0
24,0,75.33,91.24,219844,True,False,False,False,False,False,True,False,False,False,False,False,True,1
25,0,67.7,77.66,323743,True,False,False,False,True,False,False,False,False,False,False,True,False,0
22,0,73.3,84.1,103454,False,True,False,False,True,False,False,False,False,False,True,False,False,1
29,0,72.28,89.52,201988,False,True,False,False,False,False,True,False,False,False,True,False,False,1
27,0,79.57,75.6,126063,False,True,False,False,False,False,True,False,False,True,False,False,False,1
26,0,75.79,79.14,288104,False,False,True,False,False,False,True,False,False,False,False,False,True,1
30,0,67.24,81.85,445440,False,True,False,False,True,False,False,False,False,False,False,False,True,0
22,0,66.99,76.88,292818,True,False,False,False,False,False,True,False,False,False,False,True,False,1
30,0,100.0,80.26,355487,False,True,False,True,False,False,False,False,False,True,False,False,False,1
23,0,60.52,85.76,457101,True,False,False,False,True,False,False,False,False,False,True,False,False,0
18,0,91.98,71.78,151734,False,True,False,False,False,False,False,True,False,False,False,True,False,1
29,0,56.45,83.36,275207,False,True,False,False,False,False,True,False,False,False,False,True,False,0
21,0,79.95,91.9,185123,False,True,False,False,False,False,True,False,False,True,False,False,False,1
28,0,67.72,68.61,264933,False,True,False,False,False,False,False,True,False,True,False,False,False,1
30,0,82.74,87.85,641440,False,True,False,False,True,False,False,False,False,False,False,False,True,0
22,0,74.57,96.4,277038,True,False,False,True,False,False,False,False,False,False,False,False,True,1
28,0,60.72,95.29,260063,True,False,False,False,False,False,True,False,False,False,True,False,False,0
18,0,86.89,94.89,299213,False,False,True,False,False,False,False,True,False,False,False,True,False,1
30,0,92.95,79.17,184809,True,False,False,False,True,False,False,False,False,False,False,True,False,1
24,0,61.2,85.36,146251,True,False,False,False,True,False,False,False,False,False,False,False,True,0
27,0,79.43,76.35,326471,True,False,False,False,False,False,True,False,False,False,False,False,True,1
21,0,47.93,93.13,71150,False,True,False,False,True,False,False,False,False,False,True,False,False,0
28,0,82.29,81.74,221301,False,True,False,False,False,False,True,False,False,False,False,True,False,1
28,0,76.61,76.72,819462,True,False,False,False,False,False,True,False,False,False,False,False,True,0
29,0,84.89,78.15,478629,False,True,False,True,False,False,False,False,False,False,True,False,False,0
24,0,80.59,68.61,875710,True,False,False,True,False,False,False,False,False,False,False,False,True,0
30,1,56.46,82.42,335083,True,False,False,True,False,False,False,False,False,False,False,False,True,1
27,0,72.18,90.1,196448,False,True,False,False,False,False,False,False,True,False,True,False,False,1
21,0,84.7,86.24,93240,False,True,False,False,True,False,False,False,False,False,False,True,False,1
18,0,69.34,81.21,151373,True,False,False,False,False,False,False,True,False,False,False,False,True,1
17,0,59.87,80.93,112007,False,True,False,False,False,False,True,False,False,False,False,False,True,0
23,0,76.31,82.01,466961,False,True,False,False,True,False,False,False,False,False,True,False,False,0
26,0,74.18,89.29,207248,True,False,False,False,False,True,False,False,False,False,False,True,False,1
20,0,68.05,88.55,96534,True,False,False,False,False,False,True,False,False,False,False,False,True,1
17,0,72.79,84.5,147976,True,False,False,False,False,False,True,False,False,False,False,True,False,1
25,0,83.18,75.56,138150,True,False,False,False,False,False,False,True,False,True,False,False,False,1
23,0,79.58,77.27,285596,True,False,False,False,True,False,False,False,False,False,True,False,False,1
28,1,87.7,71.8,516582,True,False,False,False,True,False,False,False,False,False,False,False,True,0
17,0,70.34,80.15,706447,False,True,False,False,False,False,False,True,False,True,False,False,False,0
26,0,65.35,76.86,196875,False,True,False,False,False,False,False,True,False,False,False,False,True,1
23,0,83.41,98.55,158209,False,True,False,False,True,False,False,False,False,False,False,False,True,1
30,0,63.25,94.69,86648,False,True,False,False,False,False,True,False,False,True,False,False,False,0
27,0,64.3,100.0,72646,True,False,False,True,False,False,False,False,False,True,False,False,False,0
23,0,63.96,88.44,343783,False,True,False,False,False,False,True,False,False,False,False,True,False,0
30,0,52.94,85.68,207867,True,False,False,False,False,True,False,False,False,False,False,False,True,0
30,0,77.19,81.66,332457,False,True,False,False,False,False,True,False,False,False,False,False,True,1
20,0,70.75,94.22,429122,False,True,False,True,False,False,False,False,False,False,False,False,True,1
17,0,84.37,83.43,365305,True,False,False,False,False,False,False,True,False,False,True,False,False,0
30,0,76.39,100.0,308014,True,False,False,True,False,False,False,False,False,False,False,False,True,1
22,0,80.85,79.15,192854,False,True,False,False,False,False,True,False,False,False,False,False,True,1
25,0,92.52,86.6,158949,True,False,False,False,False,False,True,False,False,True,False,False,False,1
20,1,65.81,86.8,92041,True,False,False,True,False,False,False,False,False,False,False,False,True,1
17,0,59.95,79.41,613257,False,True,False,False,True,False,False,False,False,False,True,False,False,0
29,0,76.39,84.79,302064,True,False,False,False,False,False,False,True,False,False,False,True,False,0
29,1,81.39,80.71,201241,False,True,False,False,True,False,False,False,False,True,False,False,False,1
24,0,60.85,86.86,200280,True,False,False,False,False,False,True,False,False,True,False,False,False,0
28,0,66.97,73.01,430245,False,True,False,True,False,False,False,False,False,False,False,False,True,1
29,0,97.7,78.79,861761,False,True,False,False,False,False,False,True,False,False,False,False,True,0
19,0,77.06,75.96,1196656,False,True,False,False,False,False,True,False,False,True,False,False,False,0
23,0,79.62,77.5,223191,False,False,True,False,False,False,False,False,True,False,False,False,True,1
17,0,69.59,81.15,165447,True,False,False,False,True,False,False,False,False,False,False,False,True,1
17,0,76.58,80.0,563469,True,False,False,False,False,False,False,False,True,False,False,False,True,0
27,0,68.26,73.91,137980,True,False,False,False,False,False,False,False,True,True,False,False,False,1
18,0,75.06,86.69,398506,True,False,False,False,True,False,False,False,False,False,True,False,False,0
22,0,81.51,65.17,237022,True,False,False,False,False,False,True,False,False,False,False,False,True,1
26,0,79.62,79.69,30000,True,False,False,False,False,True,False,False,False,False,False,False,True,1
18,0,87.8,78.58,641831,False,True,False,False,False,False,True,False,False,False,False,False,True,0
21,0,86.56,64.55,162993,False,True,False,False,False,True,False,False,False,False,False,False,True,1
28,0,63.35,80.6,207222,False,True,False,False,False,False,False,False,True,False,False,True,False,0
29,0,70.78,86.28,170850,False,True,False,True,False,False,False,False,False,False,False,False,True,1
30,0,80.37,84.51,262333,True,False,False,False,False,False,False,True,False,True,False,False,False,1
28,0,72.56,71.1,611232,True,False,False,True,False,False,False,False,False,False,False,False,True,0
22,0,62.38,81.56,654023,True,False,False,False,True,False,False,False,False,False,False,False,True,0
19,0,77.09,96.88,333536,False,True,False,False,False,False,True,False,False,False,False,False,True,1
18,0,59.36,100.0,60328,False,True,False,False,True,False,False,False,False,False,False,False,True,0
18,0,74.99,89.08,213751,False,True,False,False,False,True,False,False,False,False,False,True,False,1
26,0,85.13,75.25,152376,False,True,False,False,False,True,False,False,False,True,False,False,False,1
18,0,82.19,64.7,129855,False,True,False,False,False,False,False,True,False,False,False,True,False,1
